dialect,human_word,human_word_roman,prisma_word,prisma_word_roman,count
Chhattisgarhi,ए,e,ये,ye,81
Rajasthani,जेको,jeko,देखो,dekho,27
Garhwali,यख,yakha,एक,eka,22
Chhattisgarhi,यहाँ,yahA.N,यह,yaha,19
Chhattisgarhi,अउ,au,आऊ,AU,16
Surgujia,ए,e,ये,ye,15
Bhojpuri,बा,bA,हुआ,huA,14
Chhattisgarhi,अउ,au,औ,au,14
Chhattisgarhi,एहा,ehA,यहाँ,yahA.N,13
Sadri,ए,e,ये,ye,13
Chhattisgarhi,हवय,havaya,हवाई,havAI,12
Bhojpuri,ए,e,ये,ye,11
Chhattisgarhi,अउ,au,ओ,o,11
Bhojpuri,एमे,eme,में,meM,10
Chhattisgarhi,थे,the,है,hai,10
Maithili,बोहत,bohata,बहुत,bahuta,10
Chhattisgarhi,आउ,Au,और,aura,9
Chhattisgarhi,आउ,Au,अऊ,aU,9
Rajasthani,रेहा,rehA,रहे,rahe,9
Chhattisgarhi,ऐ,ai,ये,ye,8
Chhattisgarhi,हें,heM,है,hai,8
Chhattisgarhi,हरे,hare,है,hai,8
Rajasthani,जिको,jiko,देखो,dekho,8
Rajasthani,रे,re,रही,rahI,8
Rajasthani,जेको,jeko,जो,jo,8
Bhojpuri,इ,i,की,kI,7
Bhojpuri,इ,i,एक,eka,7
Bhojpuri,उहो,uho,वो,vo,7
Chhattisgarhi,अऊ,aU,औ,au,7
Chhattisgarhi,ये,ye,ए,e,7
Rajasthani,घनी,ghanI,गणी,gaNI,7
Rajasthani,रेया,reyA,रही,rahI,7
Marwari,रि,ri,रही,rahI,7
Bundeli,रओ,rao,रहा,rahA,7
Bhojpuri,आ,A,अब,aba,6
Bhojpuri,और,aura,आ,A,6
Bhojpuri,अउरी,aurI,और,aura,6
Chhattisgarhi,एहा,ehA,यहां,yahAM,6
Chhattisgarhi,आऊ,AU,और,aura,6
Chhattisgarhi,ये,ye,है,hai,6
Chhattisgarhi,यह,yaha,यहाँ,yahA.N,6
Chhattisgarhi,हवय,havaya,हे,he,6
Maithili,छीये,ChIye,छिए,Chie,6
Maithili,में,meM,हम,hama,6
Maithili,के,ke,क्या,kyA,6
Maithili,दुनू,dunU,दोनों,donoM,6
Maithili,छै,Chai,से,se,6
Maithili,ये,ye,है,hai,6
Rajasthani,रेहा,rehA,रही,rahI,6
Garhwali,ये,ye,एक,eka,6
Garhwali,च,cha,छा,ChA,6
Garhwali,च,cha,छु,Chu,6
Bajjika,होऊ,hoU,हउ,hau,6
Sadri,ऐ,ai,ये,ye,6
Khariboli,वाईट,vAITa,व्हाइट,vhAiTa,6
Surgujia,अउर,aura,और,aura,6
Bundeli,भए,bhae,हुए,hue,6
Bhojpuri,उ,u,वो,vo,5
Bhojpuri,आ,A,और,aura,5
Bhojpuri,यहाँ,yahA.N,यह,yaha,5
Bhojpuri,ओमे,ome,में,meM,5
Bhojpuri,बहतु,bahatu,बहुत,bahuta,5
Bhojpuri,ई,I,की,kI,5
Chhattisgarhi,ओती,otI,अति,ati,5
Chhattisgarhi,म,ma,माँ,mA.N,5
Chhattisgarhi,अउ,au,वो,vo,5
Chhattisgarhi,बोहत,bohata,बहुत,bahuta,5
Maithili,इ,i,एक,eka,5
Maithili,उ,u,वो,vo,5
Maithili,या,yA,है,hai,5
Maithili,एते,ete,इत्ते,itte,5
Maithili,छिए,Chie,छे,Che,5
Maithili,हियो,hiyo,यो,yo,5
Rajasthani,घड़ा,gha.DA,गणा,gaNA,5
Garhwali,दुई,duI,दूइ,dUi,5
Garhwali,च,cha,छै,Chai,5
Garhwali,तैं,taiM,ते,te,5
Marwari,रहिया,rahiyA,रहे,rahe,5
Marwari,बारे,bAre,बाहर,bAhara,5
Marwari,अठे,aThe,आटे,ATe,5
Sadri,हिक,hika,ही,hI,5
Haryanvi,ह,ha,हैं,haiM,5
Bhojpuri,बुलु,bulu,ब्लू,blU,4
Bhojpuri,ईहा,IhA,यहाँ,yahA.N,4
Bhojpuri,होइ,hoi,हुई,huI,4
Bhojpuri,एकरा,ekarA,एक,eka,4
Bhojpuri,उज्जर,ujjara,उजड़,uja.Da,4
Bhojpuri,लगाता,lagAtA,लागत,lAgata,4
Bhojpuri,ये,ye,ए,e,4
Bhojpuri,हउए,haue,हवे,have,4
Bhojpuri,अउर,aura,और,aura,4
Bhojpuri,अऊर,aUra,और,aura,4
Bhojpuri,एइजा,eijA,ये,ye,4
Bhojpuri,यह,yaha,यहाँ,yahA.N,4
Bhojpuri,इ,i,ही,hI,4
Bhojpuri,आ,A,हाँ,hA.N,4
Bhojpuri,ई,I,इस,isa,4
Chhattisgarhi,झन,jhana,जने,jane,4
Chhattisgarhi,होही,hohI,हुई,huI,4
Chhattisgarhi,हवे,have,है,hai,4
Chhattisgarhi,वागेरा,vAgerA,वगैरह,vagairaha,4
Chhattisgarhi,रथे,rathe,रहते,rahate,4
Maithili,छिये,Chiye,छिए,Chie,4
Maithili,ये,ye,जो,jo,4
Maithili,यह,yaha,यहाँ,yahA.N,4
Maithili,हैय,haiya,हई,haI,4
Maithili,इहो,iho,यो,yo,4
Maithili,ए,e,आई,AI,4
Maithili,छै,Chai,छाई,ChAI,4
Maithili,लेल,lela,लिए,lie,4
Rajasthani,च,cha,छै,Chai,4
Rajasthani,आ,A,और,aura,4
Rajasthani,एक,eka,ये,ye,4
Rajasthani,वो,vo,और,aura,4
Rajasthani,रख्या,rakhyA,रखे,rakhe,4
Rajasthani,रहिया,rahiyA,रहे,rahe,4
Rajasthani,खड्या,khaDyA,खड़े,kha.De,4
Rajasthani,अठ,aTha,अटे,aTe,4
Garhwali,दुई,duI,दो,do,4
Garhwali,लग्युं,lagyuM,लगीं,lagIM,4
Garhwali,ईं,IM,इन,ina,4
Garhwali,नि,ni,नहीं,nahIM,4
Marwari,एक,eka,ये,ye,4
Marwari,रेया,reyA,रहा,rahA,4
Marwari,आ,A,हाँ,hA.N,4
Marwari,वो,vo,और,aura,4
Magahi,इ,i,ही,hI,4
Bajjika,होव,hova,हवा,havA,4
Khortha,यहाँ,yahA.N,यह,yaha,4
Angika,यहाँ,yahA.N,यह,yaha,4
Kumaoni,त,ta,तें,teM,4
Sadri,आहाय,AhAya,है,hai,4
Sadri,आहे,Ahe,है,hai,4
Sadri,आहय,Ahaya,है,hai,4
Sadri,अहय,ahaya,है,hai,4
Khariboli,यहाँ,yahA.N,यह,yaha,4
Surgujia,एहर,ehara,यह,yaha,4
Surgujia,अहाय,ahAya,है,hai,4
Bundeli,भओ,bhao,भाव,bhAva,4
Bundeli,भई,bhaI,हुई,huI,4
Bundeli,जा,jA,जहाँ,jahA.N,4
Surjapuri,रूपये,rUpaye,रुपए,rupae,4
Bhojpuri,ऐमें,aimeM,एमे,eme,3
Bhojpuri,यहाँ,yahA.N,या,yA,3
Bhojpuri,बा,bA,बावे,bAve,3
Bhojpuri,कोनो,kono,कौन,kauna,3
Bhojpuri,बोर्ड,borDa,बोट,boTa,3
Bhojpuri,बावे,bAve,बाबै,bAbai,3
Bhojpuri,ओइजा,oijA,उजा,ujA,3
Bhojpuri,खाए,khAe,खाये,khAye,3
Bhojpuri,इहां,ihAM,या,yA,3
Bhojpuri,हिया,hiyA,यहाँ,yahA.N,3
Bhojpuri,फूल,phUla,पुल,pula,3
Bhojpuri,बा,bA,बाहर,bAhara,3
Bhojpuri,जइसन,jaisana,जैसे,jaise,3
Bhojpuri,ओकरा,okarA,पोखरा,pokharA,3
Bhojpuri,जोवन,jovana,जो,jo,3
Bhojpuri,बा,bA,पर,para,3
Bhojpuri,उज्जर,ujjara,उजल,ujala,3
Bhojpuri,हैं|,haiM|,है,hai,3
Bhojpuri,आये,Aye,आए,Ae,3
Bhojpuri,हुयी,huyI,हुई,huI,3
Bhojpuri,गाक्ष,gAkSha,गाछ,gACha,3
Bhojpuri,खाये,khAye,खाए,khAe,3
Bhojpuri,हइन,haina,है,hai,3
Bhojpuri,उपरा,uparA,ऊपर,Upara,3
Bhojpuri,जौन,jauna,जो,jo,3
Bhojpuri,ह,ha,हवा,havA,3
Bhojpuri,ओहि,ohi,वही,vahI,3
Chhattisgarhi,मै,mai,में,meM,3
Chhattisgarhi,हावय,hAvaya,हवा,havA,3
Chhattisgarhi,हवे,have,हवाई,havAI,3
Chhattisgarhi,हेवय,hevaya,हे,he,3
Chhattisgarhi,ए,e,के,ke,3
Chhattisgarhi,जथे,jathe,जाते,jAte,3
Chhattisgarhi,इंहा,iMhA,यहाँ,yahA.N,3
Chhattisgarhi,वो,vo,ओ,o,3
Chhattisgarhi,इहाँ,ihA.N,यह,yaha,3
Chhattisgarhi,ह,ha,हाथ,hAtha,3
Chhattisgarhi,लिये,liye,लिए,lie,3
Chhattisgarhi,ऐ,ai,है,hai,3
Chhattisgarhi,हवे,have,हमें,hameM,3
Chhattisgarhi,होही,hohI,हो,ho,3
Chhattisgarhi,वूल,vUla,उल,ula,3
Maithili,छै,Chai,जे,je,3
Maithili,इ,i,की,kI,3
Maithili,ओकर,okara,होकर,hokara,3
Maithili,छै,Chai,छाए,ChAe,3
Maithili,वाईट,vAITa,व्हाइट,vhAiTa,3
Maithili,उने,une,उन्हें,unheM,3
Maithili,रहे,rahe,है,hai,3
Maithili,नै,nai,नहीं,nahIM,3
Rajasthani,धुब,dhuba,धूप,dhUpa,3
Rajasthani,भूरो,bhUro,बोरो,boro,3
Rajasthani,आ,A,हाँ,hA.N,3
Rajasthani,रखया,rakhayA,रखे,rakhe,3
Rajasthani,भटीन,bhaTIna,बटिन,baTina,3
Rajasthani,बोली,bolI,बहुत,bahuta,3
Rajasthani,रखया,rakhayA,रखी,rakhI,3
Rajasthani,जेको,jeko,को,ko,3
Rajasthani,अठे,aThe,ते,te,3
Rajasthani,बोला,bolA,बहुत,bahuta,3
Rajasthani,अठीन,aThIna,ठिन,Thina,3
Rajasthani,काे,kAe,को,ko,3
Rajasthani,यो,yo,और,aura,3
Rajasthani,जेमे,jeme,में,meM,3
Garhwali,येक,yeka,एक,eka,3
Garhwali,तखा,takhA,तक,taka,3
Garhwali,बामण,bAmaNa,भावणा,bhAvaNA,3
Garhwali,ईं,IM,इ,i,3
Garhwali,येका,yekA,एक,eka,3
Garhwali,त,ta,तें,teM,3
Marwari,ये,ye,एक,eka,3
Marwari,से,se,है,hai,3
Marwari,दूब,dUba,धूप,dhUpa,3
Marwari,इन,ina,इन्हे,inhe,3
Marwari,रयो,rayo,रहा,rahA,3
Marwari,है,hai,जे,je,3
Marwari,पड़ियो,pa.Diyo,पड़ी,pa.DI,3
Marwari,रई,raI,रही,rahI,3
Marwari,जिको,jiko,जो,jo,3
Marwari,रह्यो,rahyo,रही,rahI,3
Magahi,मनी,manI,बड़ी,ba.DI,3
Magahi,हईन,haIna,है,hai,3
Bajjika,हाउ,hAu,हऊ,haU,3
Bajjika,हैय,haiya,हई,haI,3
Bajjika,इ,i,एक,eka,3
Bajjika,होय,hoya,हई,haI,3
Khortha,हिये,hiye,ये,ye,3
Khortha,पथल,pathala,पत्थर,patthara,3
Kumaoni,माकन,mAkana,मकान,makAna,3
Kumaoni,पे,pe,भी,bhI,3
Sadri,इहे,ihe,यह,yaha,3
Sadri,अहाय,ahAya,है,hai,3
Sadri,हु,hu,हूँ,hU.N,3
Khariboli,हैं|,haiM|,है,hai,3
Khariboli,गयीं,gayIM,गई,gaI,3
Khariboli,हुयी,huyI,हुई,huI,3
Surgujia,ये,ye,एक,eka,3
Surgujia,एमे,eme,में,meM,3
Surgujia,ये,ye,ए,e,3
Surgujia,आहैं,AhaiM,आहे,Ahe,3
Bundeli,ये,ye,जो,jo,3
Bundeli,रए,rae,रहे,rahe,3
Bundeli,भये,bhaye,भाई,bhAI,3
Bhojpuri,कहि,kahi,कहीं,kahIM,2
Bhojpuri,अइसन,aisana,ऐसा,aisA,2
Bhojpuri,एकरा,ekarA,एकड़,eka.Da,2
Bhojpuri,जवन,javana,जो,jo,2
Bhojpuri,बाड़ें,bA.DeM,बाणे,bANe,2
Bhojpuri,होखे,hokhe,ओखे,okhe,2
Bhojpuri,में,meM,के,ke,2
Bhojpuri,जइसन,jaisana,जैसा,jaisA,2
Bhojpuri,वानी,vAnI,उनी,unI,2
Bhojpuri,ई,I,ही,hI,2
Bhojpuri,हम्म्म,hammma,उ,u,2
Bhojpuri,ई,I,एक,eka,2
Bhojpuri,हउअन,hauana,हवन,havana,2
Bhojpuri,एखे,ekhe,एक,eka,2
Bhojpuri,जईसन,jaIsana,जैसा,jaisA,2
Bhojpuri,उड़,u.Da,और,aura,2
Bhojpuri,ओड़,o.Da,और,aura,2
Bhojpuri,मजीद,majIda,मस्जिद,masjida,2
Bhojpuri,करी,karI,करें,kareM,2
Bhojpuri,गई,gaI,गया,gayA,2
Bhojpuri,भईल,bhaIla,बहिल,bahila,2
Bhojpuri,एमे,eme,हमें,hameM,2
Bhojpuri,नाइ,nAi,नहीं,nahIM,2
Bhojpuri,ओप,opa,ऊपर,Upara,2
Bhojpuri,गइल,gaila,गई,gaI,2
Bhojpuri,र,ra,रहा,rahA,2
Bhojpuri,हवे,have,हउ,hau,2
Bhojpuri,हन,hana,हैं,haiM,2
Bhojpuri,हें,heM,है,hai,2
Bhojpuri,ईमें,ImeM,इमे,ime,2
Bhojpuri,कइल,kaila,करिल,karila,2
Bhojpuri,इ,i,आई,AI,2
Bhojpuri,ओकरा,okarA,उखरा,ukharA,2
Bhojpuri,एकठे,ekaThe,एक,eka,2
Bhojpuri,ओइजा,oijA,वैजा,vaijA,2
Bhojpuri,का,kA,में,meM,2
Bhojpuri,ये,ye,जो,jo,2
Bhojpuri,बाड़न,bA.Dana,बरन,barana,2
Bhojpuri,जो,jo,ये,ye,2
Bhojpuri,एक,eka,ये,ye,2
Bhojpuri,लोग,loga,लु,lu,2
Bhojpuri,अइसन,aisana,ऐसन,aisana,2
Bhojpuri,इमें,imeM,एमे,eme,2
Bhojpuri,नीचे,nIche,ये,ye,2
Bhojpuri,इहे,ihe,ये,ye,2
Bhojpuri,जाय,jAya,जाइए,jAie,2
Bhojpuri,दुनु,dunu,दोनों,donoM,2
Bhojpuri,बावे,bAve,बाय,bAya,2
Bhojpuri,लोकाता,lokAtA,लगता,lagatA,2
Bhojpuri,ओकर,okara,ऊपर,Upara,2
Bhojpuri,जॉन,jaॉna,जो,jo,2
Bhojpuri,जउन,jauna,जवान,javAna,2
Bhojpuri,ये,ye,एक,eka,2
Bhojpuri,हीया,hIyA,यहाँ,yahA.N,2
Bhojpuri,एइजा,eijA,एजे,eje,2
Bhojpuri,हइ,hai,ए,e,2
Bhojpuri,धइल,dhaila,धोईल,dhoIla,2
Bhojpuri,दुइ,dui,दो,do,2
Bhojpuri,हउवे,hauve,हउए,haue,2
Bhojpuri,ओकर,okara,और,aura,2
Bhojpuri,अलग,alaga,अगल,agala,2
Bhojpuri,भईल,bhaIla,होइल,hoila,2
Bhojpuri,दूगो,dUgo,दो,do,2
Bhojpuri,गइल,gaila,कईल,kaIla,2
Bhojpuri,ह,ha,बा,bA,2
Bhojpuri,धेल,dhela,धाइल,dhAila,2
Bhojpuri,वार,vAra,और,aura,2
Bhojpuri,जमल,jamala,जंगल,jaMgala,2
Bhojpuri,हरियर,hariyara,हरे,hare,2
Bhojpuri,होला,holA,वगैरह,vagairaha,2
Bhojpuri,ला,lA,ह,ha,2
Bhojpuri,हइ,hai,आई,AI,2
Bhojpuri,कौआ,kauA,कौवा,kauvA,2
Bhojpuri,की,kI,उनकी,unakI,2
Bhojpuri,अब,aba,आ,A,2
Bhojpuri,होदे,hode,ओदे,ode,2
Bhojpuri,जउन,jauna,जो,jo,2
Bhojpuri,बिउटी,biuTI,ब्यूटी,byUTI,2
Bhojpuri,अच्छा,achChA,छा,ChA,2
Bhojpuri,ऐ,ai,ये,ye,2
Bhojpuri,बोतल,botala,बॉटल,baॉTala,2
Bhojpuri,ह,ha,और,aura,2
Bhojpuri,आवत,Avata,आवाज,AvAja,2
Chhattisgarhi,का,kA,हाँ,hA.N,2
Chhattisgarhi,झन,jhana,जना,janA,2
Chhattisgarhi,झी,jhI,छे,Che,2
Chhattisgarhi,हावय,hAvaya,हवै,havai,2
Chhattisgarhi,यहाँ,yahA.N,हा,hA,2
Chhattisgarhi,अऊ,aU,आओ,Ao,2
Chhattisgarhi,हवय,havaya,हावे,hAve,2
Chhattisgarhi,लगे,lage,लागी,lAgI,2
Chhattisgarhi,गाड़ी,gA.DI,खड़े,kha.De,2
Chhattisgarhi,हरय,haraya,है,hai,2
Chhattisgarhi,एहा,ehA,ए,e,2
Chhattisgarhi,येदे,yede,यदि,yadi,2
Chhattisgarhi,ल,la,ना,nA,2
Chhattisgarhi,ऐ_सी,ai_sI,एसी,esI,2
Chhattisgarhi,ओकर,okara,होकर,hokara,2
Chhattisgarhi,जेकर,jekara,जिगर,jigara,2
Chhattisgarhi,क्या,kyA,का,kA,2
Chhattisgarhi,एहा,ehA,येह,yeha,2
Chhattisgarhi,एहर,ehara,इधर,idhara,2
Chhattisgarhi,एह,eha,ये,ye,2
Chhattisgarhi,हवे,have,अभी,abhI,2
Chhattisgarhi,एकरा,ekarA,एक,eka,2
Chhattisgarhi,हेवे,heve,हुए,hue,2
Chhattisgarhi,हाय,hAya,है,hai,2
Chhattisgarhi,खाये,khAye,खाए,khAe,2
Chhattisgarhi,हावे,hAve,हमें,hameM,2
Chhattisgarhi,ये,ye,एक,eka,2
Chhattisgarhi,जाहि,jAhi,जाए,jAe,2
Chhattisgarhi,अउर,aura,अऊ,aU,2
Chhattisgarhi,अउर,aura,और,aura,2
Chhattisgarhi,और,aura,ओ,o,2
Chhattisgarhi,घलुक,ghaluka,हलो,halo,2
Chhattisgarhi,सुग्घर,sugghara,सुखल,sukhala,2
Chhattisgarhi,जही,jahI,जाए,jAe,2
Chhattisgarhi,यह,yaha,यहां,yahAM,2
Chhattisgarhi,हवे,have,भाई,bhAI,2
Chhattisgarhi,हेवय,hevaya,हवे,have,2
Chhattisgarhi,ए,e,यह,yaha,2
Chhattisgarhi,अऊ,aU,ओ,o,2
Chhattisgarhi,आये,Aye,आए,Ae,2
Chhattisgarhi,आइट,AiTa,आई,AI,2
Chhattisgarhi,दूर,dUra,धुर,dhura,2
Chhattisgarhi,इहा,ihA,यह,yaha,2
Chhattisgarhi,ह,ha,हैं,haiM,2
Chhattisgarhi,जाहि,jAhi,रही,rahI,2
Chhattisgarhi,देखथ,dekhatha,दिखत,dikhata,2
Chhattisgarhi,या,yA,यहाँ,yahA.N,2
Chhattisgarhi,एहर,ehara,यह,yaha,2
Chhattisgarhi,थे,the,हैं,haiM,2
Maithili,भी,bhI,पे,pe,2
Maithili,छे,Che,छिए,Chie,2
Maithili,यहाँ,yahA.N,आ,A,2
Maithili,न,na,नहीं,nahIM,2
Maithili,हैं,haiM,हुए,hue,2
Maithili,हैं|,haiM|,है,hai,2
Maithili,हुये,huye,हुए,hue,2
Maithili,ए,e,ये,ye,2
Maithili,किये,kiye,किए,kie,2
Maithili,लियो,liyo,लिए,lie,2
Maithili,पेन्हले,penhale,पहने,pahane,2
Maithili,है,hai,में,meM,2
Maithili,भए,bhae,ब्याह,byAha,2
Maithili,छैये,Chaiye,छे,Che,2
Maithili,वृक्ष,vRRikSha,ब्रिज,brija,2
Maithili,कूनू,kUnU,कुनो,kuno,2
Maithili,छैये,Chaiye,छै,Chai,2
Maithili,एकरा,ekarA,इगरा,igarA,2
Maithili,यहाँ,yahA.N,यह,yaha,2
Maithili,छीई,ChII,छियई,ChiyaI,2
Maithili,ओने,one,उन्हें,unheM,2
Maithili,सिर्फ,sirpha,से,se,2
Maithili,यँहा,ya.NhA,यहां,yahAM,2
Maithili,है,hai,यहाँ,yahA.N,2
Maithili,हीया,hIyA,यहाँ,yahA.N,2
Maithili,मै,mai,में,meM,2
Maithili,ओय,oya,वही,vahI,2
Maithili,हियां,hiyAM,यहाँ,yahA.N,2
Maithili,ऊ,U,वो,vo,2
Maithili,छथिन,Chathina,छती,ChatI,2
Maithili,और,aura,वो,vo,2
Maithili,ओकर,okara,अगर,agara,2
Maithili,ऐमें,aimeM,एमे,eme,2
Maithili,आ,A,और,aura,2
Maithili,एक,eka,ये,ye,2
Maithili,दुगो,dugo,दो,do,2
Maithili,माकन,mAkana,मकान,makAna,2
Maithili,गेलो,gelo,गलौ,galau,2
Maithili,कते,kate,कत्ती,kattI,2
Maithili,आ,A,हाँ,hA.N,2
Maithili,अगारी,agArI,गाड़ी,gA.DI,2
Maithili,पिन्ने,pinne,पहने,pahane,2
Maithili,हेएत,heeta,है,hai,2
Maithili,लिये,liye,लिए,lie,2
Maithili,आर,Ara,यार,yAra,2
Maithili,एता,etA,इत्ता,ittA,2
Maithili,नइ,nai,नहीं,nahIM,2
Maithili,एते,ete,तब,taba,2
Maithili,रहे,rahe,दे,de,2
Maithili,एता,etA,तो,to,2
Maithili,लागे,lAge,लग,laga,2
Maithili,देखियो,dekhiyo,देखे,dekhe,2
Maithili,पेड़,pe.Da,पैर,paira,2
Maithili,दुनु,dunu,दोनों,donoM,2
Maithili,पे,pe,में,meM,2
Maithili,छथिन,Chathina,छतीन,ChatIna,2
Maithili,इ,i,ही,hI,2
Maithili,छथीन,ChathIna,छठिन,ChaThina,2
Maithili,गाछ,gACha,कांच,kAMcha,2
Maithili,कुनू,kunU,कोनो,kono,2
Rajasthani,को,ko,और,aura,2
Rajasthani,है,hai,और,aura,2
Rajasthani,रहयो,rahayo,रही,rahI,2
Rajasthani,रखयो,rakhayo,रखी,rakhI,2
Rajasthani,में,meM,हम,hama,2
Rajasthani,कोई,koI,कुछ,kuCha,2
Rajasthani,बा,bA,वहां,vahAM,2
Rajasthani,च,cha,जे,je,2
Rajasthani,हराे,harAe,हरो,haro,2
Rajasthani,जिमे,jime,में,meM,2
Rajasthani,धोला,dholA,दोनों,donoM,2
Rajasthani,रख्या,rakhyA,रखी,rakhI,2
Rajasthani,बे,be,भी,bhI,2
Rajasthani,किसी,kisI,कशी,kashI,2
Rajasthani,बठन,baThana,बटिन,baTina,2
Rajasthani,छोरियां,ChoriyAM,छोरे,Chore,2
Rajasthani,घाना,ghAnA,गाणा,gANA,2
Rajasthani,छ,Cha,जे,je,2
Rajasthani,ये,ye,एक,eka,2
Rajasthani,होटल,hoTala,मोटर,moTara,2
Rajasthani,पड़ियो,pa.Diyo,पड़ी,pa.DI,2
Rajasthani,आली,AlI,वाली,vAlI,2
Rajasthani,यह,yaha,यहाँ,yahA.N,2
Rajasthani,छ,Cha,है,hai,2
Rajasthani,घना,ghanA,गणा,gaNA,2
Rajasthani,शेड,sheDa,शीट,shITa,2
Rajasthani,रियो,riyo,रह,raha,2
Rajasthani,अठे,aThe,फटे,phaTe,2
Rajasthani,वोको,voko,ओको,oko,2
Rajasthani,घडी,ghaDI,गणी,gaNI,2
Rajasthani,अठे,aThe,हटे,haTe,2
Rajasthani,दिखरयो,dikharayo,दिखीरु,dikhIru,2
Rajasthani,खम्भों,khambhoM,खंभा,khaMbhA,2
Rajasthani,करेड़ी,kare.DI,करणी,karaNI,2
Rajasthani,दिखेरियो,dikheriyo,दिखीरु,dikhIru,2
Garhwali,पाणि,pANi,पानी,pAnI,2
Garhwali,बातोंण,bAtoMNa,बतौर,bataura,2
Garhwali,द्वि,dvi,दूइ,dUi,2
Garhwali,चलण,chalaNa,छन,Chana,2
Garhwali,ये,ye,जी,jI,2
Garhwali,अयां,ayAM,आया,AyA,2
Garhwali,येमा,yemA,ये,ye,2
Garhwali,द्वि,dvi,दो,do,2
Garhwali,बैठ्यूं,baiThyUM,बैठु,baiThu,2
Garhwali,यखा,yakhA,एक,eka,2
Garhwali,सकदा,sakadA,सकते,sakate,2
Garhwali,दुई,duI,द्वी,dvI,2
Garhwali,यख्म,yakhma,यखमो,yakhamo,2
Garhwali,च,cha,जी,jI,2
Garhwali,यु,yu,जो,jo,2
Garhwali,कईं,kaIM,कहीं,kahIM,2
Garhwali,हुईं,huIM,होई,hoI,2
Garhwali,जोकि,joki,जुकी,jukI,2
Garhwali,ईख,Ikha,एक,eka,2
Garhwali,यखम,yakhama,हम,hama,2
Garhwali,दगड़ियों,daga.DiyoM,लगड्युं,lagaDyuM,2
Garhwali,आदिम,Adima,आदमी,AdamI,2
Garhwali,यि,yi,इ,i,2
Garhwali,नौना,naunA,नॉन,naॉna,2
Garhwali,कण,kaNa,करन,karana,2
Garhwali,चाई,chAI,चाही,chAhI,2
Garhwali,अब,aba,और,aura,2
Garhwali,चा,chA,छ,Cha,2
Garhwali,अछू,aChU,अच्छा,achChA,2
Garhwali,छिन,China,छेना,ChenA,2
Garhwali,इं,iM,ये,ye,2
Garhwali,होला,holA,ओले,ole,2
Garhwali,मा,mA,हम,hama,2
Garhwali,छिन,China,छे,Che,2
Garhwali,जैका,jaikA,जग,jaga,2
Garhwali,जन,jana,जेना,jenA,2
Garhwali,इथगा,ithagA,ईदगाह,IdagAha,2
Garhwali,कु,ku,में,meM,2
Garhwali,क्वे,kve,कोई,koI,2
Garhwali,ओल,ola,होल,hola,2
Marwari,खड्या,khaDyA,खड़े,kha.De,2
Marwari,रहिया,rahiyA,रही,rahI,2
Marwari,हुयी,huyI,हुई,huI,2
Marwari,बीके,bIke,भी,bhI,2
Marwari,बठीने,baThIne,बटिन,baTina,2
Marwari,यहाँ,yahA.N,यह,yaha,2
Marwari,रखियो,rakhiyo,रखी,rakhI,2
Marwari,और,aura,वो,vo,2
Marwari,है,hai,के,ke,2
Marwari,स,sa,सें,seM,2
Marwari,इनने,inane,इन,ina,2
Marwari,अठ,aTha,अटे,aTe,2
Marwari,थकी,thakI,रखी,rakhI,2
Marwari,लाईट,lAITa,नाइट,nAiTa,2
Marwari,बड़ो,ba.Do,बड्डू,baDDU,2
Marwari,यह,yaha,और,aura,2
Marwari,रखया,rakhayA,रखे,rakhe,2
Marwari,बठीने,baThIne,बटन,baTana,2
Marwari,काे,kAe,को,ko,2
Marwari,वो,vo,ओ,o,2
Marwari,में,meM,पे,pe,2
Marwari,इके,ike,एक,eka,2
Marwari,रेयो,reyo,रहा,rahA,2
Marwari,धोलो,dholo,दोनों,donoM,2
Marwari,गेलो,gelo,येल्लो,yello,2
Marwari,पड्यो,paDyo,पड़ी,pa.DI,2
Marwari,या,yA,आ,A,2
Marwari,जनो,jano,जणों,jaNoM,2
Marwari,को,ko,पर,para,2
Marwari,जनो,jano,जणु,jaNu,2
Marwari,अठे,aThe,अट,aTa,2
Marwari,आ,A,और,aura,2
Marwari,बोला,bolA,बड़ा,ba.DA,2
Marwari,कई,kaI,कहीं,kahIM,2
Magahi,बुलु,bulu,ब्लू,blU,2
Magahi,है,hai,में,meM,2
Magahi,आये,Aye,आए,Ae,2
Magahi,रहलो,rahalo,लो,lo,2
Magahi,ई,I,ही,hI,2
Magahi,एकदम,ekadama,दम,dama,2
Magahi,ए,e,ये,ye,2
Bajjika,उप्पर,uppara,ऊपर,Upara,2
Bajjika,ओने,one,उन्हें,unheM,2
Bajjika,उज्जर,ujjara,उजड़,uja.Da,2
Bajjika,एमे,eme,हमें,hameM,2
Bajjika,लेल,lela,लिए,lie,2
Bajjika,हीया,hIyA,यहाँ,yahA.N,2
Bajjika,ह,ha,हवा,havA,2
Khortha,ओकर,okara,अगर,agara,2
Khortha,हिया,hiyA,यहाँ,yahA.N,2
Khortha,हिको,hiko,को,ko,2
Khortha,एकर,ekara,अगर,agara,2
Khortha,रहे,rahe,है,hai,2
Khortha,देखा,dekhA,रखा,rakhA,2
Angika,रंग,raMga,रम,rama,2
Angika,यह,yaha,यहाँ,yahA.N,2
Angika,छै,Chai,अच्छो,achCho,2
Angika,बलो,balo,बड़ा,ba.DA,2
Angika,छिए,Chie,छे,Che,2
Kumaoni,यख,yakha,एक,eka,2
Kumaoni,लड़की,la.DakI,लड़कियां,la.DakiyAM,2
Kumaoni,हें,heM,है,hai,2
Kumaoni,पड़े,pa.De,पेड़,pe.Da,2
Kumaoni,आपको,Apako,आप,Apa,2
Kumaoni,ओण,oNa,और,aura,2
Kumaoni,वगेहरा,vageharA,वगैरह,vagairaha,2
Kumaoni,होईं,hoIM,हुई,huI,2
Sadri,हे,he,ठीक,ThIka,2
Sadri,हीक,hIka,हे,he,2
Sadri,आऊ,AU,और,aura,2
Sadri,ये,ye,ए,e,2
Sadri,हेन,hena,है,hai,2
Sadri,में,meM,है,hai,2
Sadri,आहय,Ahaya,आए,Ae,2
Sadri,हेन,hena,हैं,haiM,2
Sadri,हिक,hika,ठीक,ThIka,2
Sadri,मोके,moke,मुख्य,mukhya,2
Sadri,अहाय,ahAya,हे,he,2
Sadri,बाहिन,bAhina,बही,bahI,2
Sadri,जूना,jUnA,जुनी,junI,2
Sadri,बाहिन,bAhina,वही,vahI,2
Khariboli,है,hai,और,aura,2
Khariboli,कछु,kaChu,कुछ,kuCha,2
Khariboli,यह,yaha,यहां,yahAM,2
Khariboli,बानी,bAnI,बाणे,bANe,2
Khariboli,रई,raI,रही,rahI,2
Surgujia,अऊ,aU,ओ,o,2
Surgujia,आहैं,AhaiM,आहाय,AhAya,2
Surgujia,जथे,jathe,जाते,jAte,2
Surgujia,ओकर,okara,ऊपर,Upara,2
Surgujia,होही,hohI,हुई,huI,2
Surgujia,आहय,Ahaya,है,hai,2
Surgujia,अउ,au,आऊ,AU,2
Surgujia,एहर,ehara,इधर,idhara,2
Surgujia,आहाय,AhAya,है,hai,2
Surgujia,झन,jhana,ज्यादा,jyAdA,2
Bundeli,यह,yaha,यहाँ,yahA.N,2
Bundeli,बोहत,bohata,बहुत,bahuta,2
Bundeli,हैंगे,haiMge,है,hai,2
Bundeli,भये,bhaye,हुए,hue,2
Bundeli,एक,eka,ये,ye,2
Bundeli,हैं,haiM,हुए,hue,2
Bundeli,इमे,ime,में,meM,2
Bundeli,रई,raI,रही,rahI,2
Bundeli,ये,ye,एक,eka,2
Surjapuri,कु,ku,खूब,khUba,2
Haryanvi,आड़ह,A.Daha,ऑर्डर,ऑrDara,2
Haryanvi,धोल्ह,dholha,दोहला,dohalA,2
Haryanvi,स,sa,है,hai,2
Bhojpuri,बेथल,bethala,बैठा,baiThA,1
Bhojpuri,पर,para,में,meM,1
Bhojpuri,इगु,igu,एगो,ego,1
Bhojpuri,सिलाव,silAva,शिलाओं,shilAoM,1
Bhojpuri,अथी,athI,एठी,eThI,1
Bhojpuri,के,ke,क्या,kyA,1
Bhojpuri,लगलऊ,lagalaU,लोग,loga,1
Bhojpuri,हूंनकर,hUMnakara,उनका,unakA,1
Bhojpuri,एहि,ehi,यहीं,yahIM,1
Bhojpuri,एकगो,ekago,जगह,jagaha,1
Bhojpuri,लेएय,leeya,ले,le,1
Bhojpuri,उपड़ा,upa.DA,वपरा,vaparA,1
Bhojpuri,पेन्हे,penhe,पहने,pahane,1
Bhojpuri,कउनो,kauno,कोन,kona,1
Bhojpuri,आदमीओ,AdamIo,आदमियों,AdamiyoM,1
Bhojpuri,पर,para,बा,bA,1
Bhojpuri,करथ,karatha,करता,karatA,1
Bhojpuri,भइल,bhaila,भर,bhara,1
Bhojpuri,इ,i,एगी,egI,1
Bhojpuri,इशाई,ishAI,ईसाई,IsAI,1
Bhojpuri,लाइ,lAi,लई,laI,1
Bhojpuri,एवं,evaM,और,aura,1
Bhojpuri,वेन,vena,भैन,bhaina,1
Bhojpuri,नइखे,naikhe,नहीं,nahIM,1
Bhojpuri,रउवा,rauvA,वह,vaha,1
Bhojpuri,ह,ha,था,thA,1
Bhojpuri,रउवा,rauvA,हुआ,huA,1
Bhojpuri,पर्व,parva,परब,paraba,1
Bhojpuri,के,ke,ही,hI,1
Bhojpuri,खुब,khuba,बहुत,bahuta,1
Bhojpuri,जोवना,jovanA,जाने,jAne,1
Bhojpuri,और,aura,या,yA,1
Bhojpuri,उर्क,urka,और,aura,1
Bhojpuri,ओकर,okara,उगर,ugara,1
Bhojpuri,उसा,usA,वैसा,vaisA,1
Bhojpuri,ऊशा,UshA,वसा,vasA,1
Bhojpuri,जे,je,जोन,jona,1
Bhojpuri,अहि,ahi,यही,yahI,1
Bhojpuri,आदमियों,AdamiyoM,आदमी,AdamI,1
Bhojpuri,पॉट,paॉTa,स्पोर्ट,sporTa,1
Bhojpuri,ओह,oha,वो,vo,1
Bhojpuri,हयन,hayana,हैं,haiM,1
Bhojpuri,फ,pha,फाय,phAya,1
Bhojpuri,कुँवा,ku.NvA,कुआ,kuA,1
Bhojpuri,गुंबद,guMbada,गुम्मज,gummaja,1
Bhojpuri,अइसन,aisana,एसन,esana,1
Bhojpuri,जला,jalA,चलत,chalata,1
Bhojpuri,उमें,umeM,ओमन,omana,1
Bhojpuri,घिचाता,ghichAtA,खींचतावे,khIMchatAve,1
Bhojpuri,पेट,peTa,पैंट,paiMTa,1
Bhojpuri,यानी,yAnI,यदि,yadi,1
Bhojpuri,ओकरा,okarA,वगैरह,vagairaha,1
Bhojpuri,जे,je,तुम,tuma,1
Bhojpuri,राइट,rAiTa,आईड,AIDa,1
Bhojpuri,मंदिर,maMdira,मंडी,maMDI,1
Bhojpuri,खया,khayA,खात,khAta,1
Bhojpuri,और,aura,गो,go,1
Bhojpuri,म,ma,बा,bA,1
Bhojpuri,आईल,AIla,आइलैंड,AilaiMDa,1
Bhojpuri,हुआ,huA,गया,gayA,1
Bhojpuri,उरिल,urila,ओइल,oila,1
Bhojpuri,होइ,hoi,बाय,bAya,1
Bhojpuri,होगो,hogo,हो,ho,1
Bhojpuri,के,ke,कीमें,kImeM,1
Bhojpuri,लगे,lage,लागी,lAgI,1
Bhojpuri,ला,lA,लागत,lAgata,1
Bhojpuri,एइजा,eijA,जी,jI,1
Bhojpuri,ता,tA,है,hai,1
Bhojpuri,वो,vo,बा,bA,1
Bhojpuri,ये,ye,एमे,eme,1
Bhojpuri,ए,e,के,ke,1
Bhojpuri,म्म,mma,उ,u,1
Bhojpuri,उठठा,uThaThA,उठल,uThala,1
Bhojpuri,मॉडर्न,maॉDarna,मॉडल,maॉDala,1
Bhojpuri,गयेल,gayela,गैल,gaila,1
Bhojpuri,वे,ve,है,hai,1
Bhojpuri,बा,bA,बागे,bAge,1
Bhojpuri,ये,ye,भी,bhI,1
Bhojpuri,बहुत,bahuta,बा,bA,1
Bhojpuri,होय|,hoya|,होई,hoI,1
Bhojpuri,उछली,uChalI,वछरी,vaCharI,1
Bhojpuri,की,kI,बाबई,bAbaI,1
Bhojpuri,इधर,idhara,इजा,ijA,1
Bhojpuri,अरघ,aragha,रख,rakha,1
Bhojpuri,उगेर,ugera,वगैरह,vagairaha,1
Bhojpuri,एकरा,ekarA,कर,kara,1
Bhojpuri,पहले,pahale,एजे,eje,1
Bhojpuri,बा,bA,बाना,bAnA,1
Bhojpuri,जोउन,jouna,जौन,jauna,1
Bhojpuri,बाड़ा|,bA.DA|,बारा,bArA,1
Bhojpuri,एजा,ejA,इजक,ijaka,1
Bhojpuri,ऐके,aike,एक,eka,1
Bhojpuri,ह,ha,हूँ,hU.N,1
Bhojpuri,कार,kAra,यहाँ,yahA.N,1
Bhojpuri,कार,kAra,घर,ghara,1
Bhojpuri,के,ke,अ,a,1
Bhojpuri,वार्डन,vArDana,उर्दन,urdana,1
Bhojpuri,फूल,phUla,और,aura,1
Bhojpuri,जाला,jAlA,जा,jA,1
Bhojpuri,औ,au,हो,ho,1
Bhojpuri,हइं,haiM,है,hai,1
Bhojpuri,हाई,hAI,आई,AI,1
Bhojpuri,ईहा,IhA,इआ,iA,1
Bhojpuri,ईहा,IhA,यहां,yahAM,1
Bhojpuri,शुगर,shugara,सुघर,sughara,1
Bhojpuri,एठे,eThe,एक,eka,1
Bhojpuri,चिनीस,chinIsa,चाइनीज,chAinIja,1
Bhojpuri,होलें,holeM,हो,ho,1
Bhojpuri,काउनों,kAunoM,कौनो,kauno,1
Bhojpuri,हउवे,hauve,हवा,havA,1
Bhojpuri,हउवन,hauvana,हुवा,huvA,1
Bhojpuri,काउनों,kAunoM,कोनो,kono,1
Bhojpuri,सामान,sAmAna,सलाम,salAma,1
Bhojpuri,एमन,emana,ईमान,ImAna,1
Bhojpuri,वाला,vAlA,बले,bale,1
Bhojpuri,हउवन,hauvana,उम्न,umna,1
Bhojpuri,बदे,bade,मधे,madhe,1
Bhojpuri,एई,eI,यही,yahI,1
Bhojpuri,एके,eke,एगो,ego,1
Bhojpuri,करलिहिन,karalihina,करन,karana,1
Bhojpuri,रखेलीन,rakhelIna,रखनी,rakhanI,1
Bhojpuri,हउवन,hauvana,हूँ,hU.N,1
Bhojpuri,ऑरे,ऑre,और,aura,1
Bhojpuri,फुका,phukA,फूखा,phUkhA,1
Bhojpuri,उइके,uike,वाइक,vAika,1
Bhojpuri,इनमें,inameM,उमे,ume,1
Bhojpuri,जात,jAta,चार्ज,chArja,1
Bhojpuri,जेकर,jekara,जिनका,jinakA,1
Bhojpuri,बाटे,bATe,बटु,baTu,1
Bhojpuri,सकीला,sakIlA,सकें,sakeM,1
Bhojpuri,सालिनी,sAlinI,सामने,sAmane,1
Bhojpuri,टांगल,TAMgala,रखल,rakhala,1
Bhojpuri,बाटीन,bATIna,बांटे,bAMTe,1
Bhojpuri,गया,gayA,का,kA,1
Bhojpuri,राइट,rAiTa,आइट,AiTa,1
Bhojpuri,ये,ye,जी,jI,1
Bhojpuri,इयो,iyo,एगो,ego,1
Bhojpuri,उलवा,ulavA,उलुआ,uluA,1
Bhojpuri,अवाइ,avAi,उवाई,uvAI,1
Bhojpuri,लोग,loga,रहलो,rahalo,1
Bhojpuri,बाड़े,bA.De,बरन,barana,1
Bhojpuri,फिर,phira,फी,phI,1
Bhojpuri,बड़ा,ba.DA,बारा,bArA,1
Bhojpuri,लगल,lagala,जरल,jarala,1
Bhojpuri,जेकरा,jekarA,जगह,jagaha,1
Bhojpuri,उइट,uiTa,वैट,vaiTa,1
Bhojpuri,बइ,bai,बैठ,baiTha,1
Bhojpuri,बहुत,bahuta,सब,saba,1
Bhojpuri,और,aura,हॉट,haॉTa,1
Bhojpuri,और,aura,अगर,agara,1
Bhojpuri,देखात,dekhAta,एकाध,ekAdha,1
Bhojpuri,गए,gae,गया,gayA,1
Bhojpuri,गईल,gaIla,गया,gayA,1
Bhojpuri,कैची,kaichI,कई,kaI,1
Bhojpuri,केहू,kehU,केवल,kevala,1
Bhojpuri,गईल,gaIla,के,ke,1
Bhojpuri,वाला,vAlA,अला,alA,1
Bhojpuri,बसवा,basavA,बसुआ,basuA,1
Bhojpuri,ऊंआ,UMA,वहां,vahAM,1
Bhojpuri,उ,u,और,aura,1
Bhojpuri,हई,haI,अरे,are,1
Bhojpuri,उहा,uhA,वहां,vahAM,1
Bhojpuri,मड़इया,ma.DaiyA,मलैया,malaiyA,1
Bhojpuri,बॉडी,baॉDI,बोरी,borI,1
Bhojpuri,आला,AlA,वाला,vAlA,1
Bhojpuri,लौकत,laukata,लोग,loga,1
Bhojpuri,अये,aye,आई,AI,1
Bhojpuri,बगल,bagala,बगलिया,bagaliyA,1
Bhojpuri,ह,ha,बे,be,1
Bhojpuri,जगह,jagaha,जब,jaba,1
Bhojpuri,बड़ेन,ba.Dena,बाना,bAnA,1
Bhojpuri,लोग,loga,लौ,lau,1
Bhojpuri,बार,bAra,बड़ा,ba.DA,1
Bhojpuri,एमे,eme,एनी,enI,1
Bhojpuri,इ,i,जे,je,1
Bhojpuri,उस,usa,और,aura,1
Bhojpuri,एमे,eme,हेमे,heme,1
Bhojpuri,रउआ,rauA,रेहुआ,rehuA,1
Bhojpuri,दो,do,दूत,dUta,1
Bhojpuri,होले,hole,हॉल,haॉla,1
Bhojpuri,और,aura,ओ,o,1
Bhojpuri,इ,i,भी,bhI,1
Bhojpuri,कोई,koI,वहीं,vahIM,1
Bhojpuri,भईल,bhaIla,लागल,lAgala,1
Bhojpuri,रोपल,ropala,ओपल,opala,1
Bhojpuri,लड़का,la.DakA,का,kA,1
Bhojpuri,स्टैंड,sTaiMDa,स्टेन,sTena,1
Bhojpuri,दीयल,dIyala,दिया,diyA,1
Bhojpuri,जोनो,jono,जाना,jAnA,1
Bhojpuri,इहो,iho,एगो,ego,1
Bhojpuri,कुछ,kuCha,खुशी,khushI,1
Bhojpuri,हमरा|,hamarA|,वो,vo,1
Bhojpuri,बा,bA,वाखा,vAkhA,1
Bhojpuri,अइनी,ainI,आईनी,AInI,1
Bhojpuri,बहुत,bahuta,हवन,havana,1
Bhojpuri,काहे,kAhe,का,kA,1
Bhojpuri,घिचे,ghiche,खींचे,khIMche,1
Bhojpuri,अब,aba,है,hai,1
Bhojpuri,बरी,barI,बाड़ी,bA.DI,1
Bhojpuri,एमे,eme,एवं,evaM,1
Bhojpuri,सूत,sUta,सुख,sukha,1
Bhojpuri,य,ya,है,hai,1
Bhojpuri,अहिया,ahiyA,आइया,AiyA,1
Bhojpuri,वहाँ,vahA.N,उमा,umA,1
Bhojpuri,सूर,sUra,सूंड,sUMDa,1
Bhojpuri,संग,saMga,सुन,suna,1
Bhojpuri,बाटे,bATe,बैठे,baiThe,1
Bhojpuri,स्कूल,skUla,जैसकूल,jaisakUla,1
Bhojpuri,लागता,lAgatA,लगाते,lagAte,1
Bhojpuri,ओमे,ome,उमै,umai,1
Bhojpuri,तुर,tura,तू,tU,1
Bhojpuri,ऐइजा,aiijA,जो,jo,1
Bhojpuri,ऐईजा,aiIjA,खैरजा,khairajA,1
Bhojpuri,हउए,haue,होवे,hove,1
Bhojpuri,इ,i,फिर,phira,1
Bhojpuri,उजर,ujara,उजड़ो,uja.Do,1
Bhojpuri,ओकरा,okarA,अंकला,aMkalA,1
Bhojpuri,उ,u,वहाँ,vahA.N,1
Bhojpuri,सीखावल,sIkhAvala,दिखावा,dikhAvA,1
Bhojpuri,गाछ,gACha,घास,ghAsa,1
Bhojpuri,ओकर,okara,ऊखर,Ukhara,1
Bhojpuri,डगार,DagAra,डगल,Dagala,1
Bhojpuri,ईटा,ITA,रेता,retA,1
Bhojpuri,बाँस,bA.Nsa,गाछ,gACha,1
Bhojpuri,हेनिहो,heniho,न्यू,nyU,1
Bhojpuri,त,ta,लोग,loga,1
Bhojpuri,जौना,jaunA,जने,jane,1
Bhojpuri,मजूरा,majUrA,चुरा,churA,1
Bhojpuri,गिरल,girala,करल,karala,1
Bhojpuri,उल,ula,वगैरह,vagairaha,1
Bhojpuri,केहु,kehu,के,ke,1
Bhojpuri,आहे,Ahe,आए,Ae,1
Bhojpuri,पन,pana,बना,banA,1
Bhojpuri,लइकाे,laikAe,लईको,laIko,1
Bhojpuri,उठइले,uThaile,उठाई,uThAI,1
Bhojpuri,पोत,pota,पुता,putA,1
Bhojpuri,जउनो,jauno,जाने,jAne,1
Bhojpuri,ुकान,ukAna,वाने,vAne,1
Bhojpuri,कुछ,kuCha,कोस,kosa,1
Bhojpuri,ओल,ola,उद,uda,1
Bhojpuri,हईन,haIna,हैं,haiM,1
Bhojpuri,तेराइके,terAike,तराई,tarAI,1
Bhojpuri,गए,gae,जो,jo,1
Bhojpuri,रहिन,rahina,है,hai,1
Bhojpuri,आए,Ae,आया,AyA,1
Bhojpuri,उव,uva,वो,vo,1
Bhojpuri,लगल,lagala,राखल,rAkhala,1
Bhojpuri,पिए,pie,पीये,pIye,1
Bhojpuri,उया,uyA,हुआ,huA,1
Bhojpuri,बाड़न,bA.Dana,बाला,bAlA,1
Bhojpuri,जहाँ,jahA.N,जा,jA,1
Bhojpuri,खिछ,khiCha,खीचत,khIchata,1
Bhojpuri,लड़कवन,la.Dakavana,लड़कियां,la.DakiyAM,1
Bhojpuri,बा,bA,बायन,bAyana,1
Bhojpuri,लउकत,laukata,लगत,lagata,1
Bhojpuri,डा,DA,ढंग,DhaMga,1
Bhojpuri,पीयारो,pIyAro,पिरो,piro,1
Bhojpuri,आइक्,Aik,एक,eka,1
Bhojpuri,जॉन,jaॉna,जवान,javAna,1
Bhojpuri,बड़,ba.Da,बहुत,bahuta,1
Bhojpuri,उजर,ujara,उज्जैर,ujjaira,1
Bhojpuri,एहिजा,ehijA,यह,yaha,1
Bhojpuri,और,aura,पे,pe,1
Bhojpuri,और,aura,एगो,ego,1
Bhojpuri,ओकरा,okarA,घर,ghara,1
Bhojpuri,ओकर,okara,कोई,koI,1
Bhojpuri,ऐ,ai,भाई,bhAI,1
Bhojpuri,वेह,veha,भाई,bhAI,1
Bhojpuri,इयू,iyU,यु,yu,1
Bhojpuri,ऐहीं,aihIM,एही,ehI,1
Bhojpuri,आ,A,या,yA,1
Bhojpuri,लाउड,lAuDa,लॉर्ड,laॉrDa,1
Bhojpuri,और,aura,हउ,hau,1
Bhojpuri,दोभा,dobhA,दूगा,dUgA,1
Bhojpuri,उड,uDa,रोड,roDa,1
Bhojpuri,चर,chara,चर्च,charcha,1
Bhojpuri,बाते,bAte,बटे,baTe,1
Bhojpuri,उमे,ume,हमें,hameM,1
Bhojpuri,हॉस्पिटल,haॉspiTala,पीटर,pITara,1
Bhojpuri,वृछ,vRRiCha,वृक्ष,vRRikSha,1
Bhojpuri,वृक्ष,vRRikSha,वृछ,vRRiCha,1
Bhojpuri,पेन्हले,penhale,पहनने,pahanane,1
Bhojpuri,ओपे,ope,ऊपर,Upara,1
Bhojpuri,ह,ha,यहाँ,yahA.N,1
Bhojpuri,बहुत,bahuta,बढ़ूँ,ba.DhU.N,1
Bhojpuri,धैले,dhaile,देले,dele,1
Bhojpuri,झुलवा,jhulavA,झूलिया,jhUliyA,1
Bhojpuri,बाड़िन,bA.Dina,बारीन,bArIna,1
Bhojpuri,ओमें,omeM,उमे,ume,1
Bhojpuri,इहाँ,ihA.N,ईहा,IhA,1
Bhojpuri,ओकरा,okarA,उगरा,ugarA,1
Bhojpuri,क्का,kkA,फका,phakA,1
Bhojpuri,उम,uma,वाला,vAlA,1
Bhojpuri,आऊ,AU,अउ,au,1
Bhojpuri,बावे,bAve,भागे,bhAge,1
Bhojpuri,एही,ehI,यहां,yahAM,1
Bhojpuri,पे,pe,बहुत,bahuta,1
Bhojpuri,बहरे,bahare,बाहर,bAhara,1
Bhojpuri,छ,Cha,चेयर,cheyara,1
Bhojpuri,सोप,sopa,शॉप,shaॉpa,1
Bhojpuri,गइल,gaila,गहिल,gahila,1
Bhojpuri,भरा,bharA,घर,ghara,1
Bhojpuri,पेड़,pe.Da,पैर,paira,1
Bhojpuri,जाते,jAte,दिखाते,dikhAte,1
Bhojpuri,ब्रश,brasha,बड़ा,ba.DA,1
Bhojpuri,खिचल,khichala,खींचाल,khIMchAla,1
Bhojpuri,बतख,batakha,पत्थर,patthara,1
Bhojpuri,है,hai,की,kI,1
Bhojpuri,बेचारा,bechArA,बचाने,bachAne,1
Bhojpuri,हेने,hene,जाना,jAnA,1
Bhojpuri,और,aura,इस,isa,1
Bhojpuri,बान्हि,bAnhi,बांधी,bAMdhI,1
Bhojpuri,पिंक,piMka,ग्रीन,grIna,1
Bhojpuri,हैका,haikA,है,hai,1
Bhojpuri,है,hai,या,yA,1
Bhojpuri,रबड़,raba.Da,रब्बर,rabbara,1
Bhojpuri,खंबा,khaMbA,खामा,khAmA,1
Bhojpuri,हमें,hameM,हमको,hamako,1
Bhojpuri,हैं,haiM,हुए,hue,1
Bhojpuri,गोयल,goyala,गैल,gaila,1
Bhojpuri,यहाँ,yahA.N,अ,a,1
Bhojpuri,तो,to,पे,pe,1
Bhojpuri,बुद्ध,buddha,महापुरुद्ध,mahApuruddha,1
Bhojpuri,लेके,leke,ले,le,1
Bhojpuri,ओकर,okara,लोकर,lokara,1
Bhojpuri,पे,pe,पेंट,peMTa,1
Bhojpuri,आवला,AvalA,वाला,vAlA,1
Bhojpuri,रहैं,rahaiM,रहे,rahe,1
Bhojpuri,बॉडी,baॉDI,बर्थडे,barthaDe,1
Bhojpuri,और,aura,उस,usa,1
Bhojpuri,बिन्न,binna,बीन,bIna,1
Bhojpuri,सब,saba,शॉप,shaॉpa,1
Bhojpuri,बानी,bAnI,बा,bA,1
Bhojpuri,शिकर,shikara,सिकल,sikala,1
Bhojpuri,स्प्राइट,sprAiTa,लाइट,lAiTa,1
Bhojpuri,रखी,rakhI,लगी,lagI,1
Bhojpuri,लेजा,lejA,जा,jA,1
Bhojpuri,पोइन,poina,प्वाइंट,pvAiMTa,1
Bhojpuri,किआ,kiA,किया,kiyA,1
Bhojpuri,स्टॉल,sTaॉla,शॉल,shaॉla,1
Bhojpuri,जैमे,jaime,जेम,jema,1
Bhojpuri,बहरी,baharI,भारी,bhArI,1
Bhojpuri,इम,ima,एमे,eme,1
Bhojpuri,बट,baTa,बाटी,bATI,1
Bhojpuri,यह,yaha,एक,eka,1
Bhojpuri,दो,do,दूगो,dUgo,1
Bhojpuri,और,aura,अबड़का,aba.DakA,1
Bhojpuri,गाएल,gAela,गईल,gaIla,1
Bhojpuri,उल,ula,भी,bhI,1
Bhojpuri,ये,ye,गेट,geTa,1
Bhojpuri,गया,gayA,हुआ,huA,1
Bhojpuri,बिआहा,biAhA,ब्याह,byAha,1
Bhojpuri,तट,taTa,पार्ट,pArTa,1
Bhojpuri,ट्विस्ट,TvisTa,दृष्टि,dRRiShTi,1
Bhojpuri,इंसान,iMsAna,स्थान,sthAna,1
Bhojpuri,लग,laga,लगता,lagatA,1
Bhojpuri,एक,eka,बिग,biga,1
Bhojpuri,ऑटो,ऑTo,तो,to,1
Bhojpuri,क्रीमी,krImI,ग्रीन,grIna,1
Bhojpuri,उतरने,utarane,पकड़ने,paka.Dane,1
Bhojpuri,रहेला,rahelA,वाला,vAlA,1
Bhojpuri,खोजला,khojalA,करदला,karadalA,1
Bhojpuri,सके,sake,सकती,sakatI,1
Bhojpuri,ओकरा,okarA,उकर,ukara,1
Bhojpuri,माकन,mAkana,मकान,makAna,1
Bhojpuri,टउवा,TauvA,तौवा,tauvA,1
Bhojpuri,अईसे,aIse,ऐसे,aise,1
Bhojpuri,नाहये,nAhaye,नहाय,nahAya,1
Bhojpuri,ए,e,आये,Aye,1
Bhojpuri,इ,i,के,ke,1
Bhojpuri,एकरा,ekarA,करे,kare,1
Bhojpuri,धैल,dhaila,ढहल,Dhahala,1
Bhojpuri,समस्त,samasta,अचानक,achAnaka,1
Bhojpuri,एसन,esana,ओइसन,oisana,1
Bhojpuri,ऐह,aiha,ए,e,1
Bhojpuri,छोत्र,Chotra,क्षेत्र,kShetra,1
Bhojpuri,ता,tA,तुन,tuna,1
Bhojpuri,पिन्न,pinna,पहन,pahana,1
Bhojpuri,कऊनौ,kaUnau,करो,karo,1
Bhojpuri,एहिजे,ehije,यही,yahI,1
Bhojpuri,भरा,bharA,भाड़ा,bhA.DA,1
Bhojpuri,झकि,jhaki,झांकी,jhAMkI,1
Bhojpuri,हिंकरा,hiMkarA,इनका,inakA,1
Bhojpuri,होटल,hoTala,पोर्टल,porTala,1
Bhojpuri,है,hai,बुढ़ा,bu.DhA,1
Bhojpuri,खोजिहं,khojihaM,को,ko,1
Bhojpuri,गोलंबर,golaMbara,कुलम्बर,kulambara,1
Bhojpuri,जाये,jAye,चाय,chAya,1
Bhojpuri,जउन,jauna,लो,lo,1
Bhojpuri,देहातो,dehAto,हाथों,hAthoM,1
Bhojpuri,मोन्दील,mondIla,मंदिर,maMdira,1
Bhojpuri,सन,sana,सामने,sAmane,1
Bhojpuri,गेइल,geila,गैल,gaila,1
Bhojpuri,हिया,hiyA,भैया,bhaiyA,1
Bhojpuri,जेकड़,jeka.Da,जेमकर,jemakara,1
Bhojpuri,भइल,bhaila,भैय,bhaiya,1
Bhojpuri,हमनी,hamanI,हम,hama,1
Bhojpuri,लेबेला,lebelA,लेवल,levala,1
Bhojpuri,रही,rahI,रहला,rahalA,1
Bhojpuri,इ,i,रहीला,rahIlA,1
Bhojpuri,ऑल,ऑla,वॉल,vaॉla,1
Bhojpuri,एहि,ehi,यही,yahI,1
Bhojpuri,दुनो,duno,दुन्ना,dunnA,1
Bhojpuri,इमे,ime,में,meM,1
Bhojpuri,इ,i,ईद,Ida,1
Bhojpuri,हिनकरे,hinakare,इनके,inake,1
Bhojpuri,लिहिं,lihiM,ली,lI,1
Bhojpuri,पोसन,posana,पोषण,poShaNa,1
Bhojpuri,बावं,bAvaM,बरन,barana,1
Bhojpuri,गौर,gaura,गॉड,gaॉDa,1
Bhojpuri,लोग,loga,लिए,lie,1
Bhojpuri,अ,a,हा,hA,1
Bhojpuri,लड़ी,la.DI,लौरी,laurI,1
Bhojpuri,होखे,hokhe,हो,ho,1
Bhojpuri,एकर,ekara,का,kA,1
Bhojpuri,मार,mAra,मार्केट,mArkeTa,1
Bhojpuri,बोलब,bolaba,बल्लभ,ballabha,1
Bhojpuri,कावड़ी,kAva.DI,कमारी,kamArI,1
Bhojpuri,हुनकर,hunakara,उनका,unakA,1
Bhojpuri,भेए,bhee,भय,bhaya,1
Bhojpuri,चलते,chalate,चल,chala,1
Bhojpuri,केएल,keela,कल,kala,1
Bhojpuri,हां,hAM,और,aura,1
Bhojpuri,संघर्ष,saMgharSha,शानदार,shAnadAra,1
Bhojpuri,में,meM,बा,bA,1
Bhojpuri,एमें,emeM,मन,mana,1
Bhojpuri,ओकर,okara,उगरा,ugarA,1
Bhojpuri,उज़र,uzara,ऊंचे,UMche,1
Bhojpuri,तारें,tAreM,रहे,rahe,1
Bhojpuri,धोवे,dhove,धोए,dhoe,1
Bhojpuri,मंदिर,maMdira,मूर्ति,mUrti,1
Bhojpuri,जोवन,jovana,जौन,jauna,1
Bhojpuri,जेऊन,jeUna,जावना,jAvanA,1
Bhojpuri,जोन,jona,जवान,javAna,1
Bhojpuri,धोवावे,dhovAve,धुआ,dhuA,1
Bhojpuri,रउवा,rauvA,रौ,rau,1
Bhojpuri,जाये,jAye,जाम,jAma,1
Bhojpuri,तब,taba,कम,kama,1
Bhojpuri,आइसने,Aisane,स्थानीय,sthAnIya,1
Bhojpuri,लेका,lekA,लगल,lagala,1
Bhojpuri,पिज़्ज़ा,pizzA,कुर्ता,kurtA,1
Bhojpuri,भी,bhI,इ,i,1
Bhojpuri,ढेर,Dhera,पे,pe,1
Bhojpuri,अएला,aelA,आयला,AyalA,1
Bhojpuri,ऐहे,aihe,यह,yaha,1
Bhojpuri,केहू,kehU,क्यूँ,kyU.N,1
Bhojpuri,ही,hI,चले,chale,1
Bhojpuri,ई,I,कि,ki,1
Bhojpuri,कैल,kaila,कोइल,koila,1
Bhojpuri,एने,ene,तैने,taine,1
Bhojpuri,उने,une,उन्हें,unheM,1
Bhojpuri,बइठावल,baiThAvala,बैठल,baiThala,1
Bhojpuri,लइका,laikA,का,kA,1
Bhojpuri,कयल,kayala,कई,kaI,1
Bhojpuri,शोट,shoTa,शर्ट,sharTa,1
Bhojpuri,पाल,pAla,पार्क,pArka,1
Bhojpuri,देखी,dekhI,देखिये,dekhiye,1
Bhojpuri,बाड़ल,bA.Dala,बनल,banala,1
Bhojpuri,उक,uka,को,ko,1
Bhojpuri,अ,a,या,yA,1
Bhojpuri,उन्ट,unTa,वेंट,veMTa,1
Bhojpuri,उई,uI,योई,yoI,1
Bhojpuri,पूरा,pUrA,पुणे,puNe,1
Bhojpuri,कत्था,katthA,कथक,kathaka,1
Bhojpuri,गढ़ा,ga.DhA,गड्ढा,gaDDhA,1
Bhojpuri,सु,su,सूट,sUTa,1
Bhojpuri,ओकरा,okarA,उगरहा,ugarahA,1
Bhojpuri,बदाल,badAla,बादल,bAdala,1
Bhojpuri,ओदे,ode,होदे,hode,1
Bhojpuri,खाए,khAe,खाया,khAyA,1
Bhojpuri,रउवा,rauvA,रुका,rukA,1
Bhojpuri,कईल,kaIla,कर,kara,1
Bhojpuri,इस,isa,स्टेट,sTeTa,1
Bhojpuri,में,meM,हुए,hue,1
Bhojpuri,ओहिजा,ohijA,वोइजा,voijA,1
Bhojpuri,अथीन,athIna,मतिन,matina,1
Bhojpuri,पास,pAsa,बा,bA,1
Bhojpuri,अउरो,auro,और,aura,1
Bhojpuri,अउरो,auro,औरु,auru,1
Bhojpuri,हुवे,huve,हवै,havai,1
Bhojpuri,येगो,yego,एगो,ego,1
Bhojpuri,हउवे,hauve,हवै,havai,1
Bhojpuri,ना,nA,नहीं,nahIM,1
Bhojpuri,कुल,kula,कोई,koI,1
Bhojpuri,के,ke,पर,para,1
Bhojpuri,केएल,keela,कर,kara,1
Bhojpuri,उट,uTa,कूट,kUTa,1
Bhojpuri,बेचे,beche,में,meM,1
Bhojpuri,पियर,piyara,पील,pIla,1
Bhojpuri,बाड़न,bA.Dana,भरन,bharana,1
Bhojpuri,सफ़ेद,safeda,सभी,sabhI,1
Bhojpuri,बढ़िया,ba.DhiyA,बनियाँ,baniyA.N,1
Bhojpuri,उसके,usake,फिर,phira,1
Bhojpuri,हुवी,huvI,हुई,huI,1
Bhojpuri,हुवे,huve,हुए,hue,1
Bhojpuri,ये,ye,कि,ki,1
Bhojpuri,एंट्री,eMTrI,इंटरेस्ट,iMTaresTa,1
Bhojpuri,जोना,jonA,जान,jAna,1
Bhojpuri,टॉवल,Taॉvala,टावर,TAvara,1
Bhojpuri,सब,saba,सड़क,sa.Daka,1
Bhojpuri,ताड़,tA.Da,तना,tanA,1
Bhojpuri,वो,vo,वही,vahI,1
Bhojpuri,लागल,lAgala,लगाल,lagAla,1
Bhojpuri,बुझ,bujha,उज,uja,1
Bhojpuri,दुरी,durI,दूर,dUra,1
Bhojpuri,बीकी,bIkI,विक्की,vikkI,1
Bhojpuri,बानअ,bAnaa,बन,bana,1
Bhojpuri,येथी,yethI,थी,thI,1
Bhojpuri,उहो,uho,वह,vaha,1
Bhojpuri,हइ,hai,ये,ye,1
Bhojpuri,मने,mane,मतलब,matalaba,1
Bhojpuri,ओड,oDa,वोट,voTa,1
Bhojpuri,ओइप,oipa,वाइप,vAipa,1
Bhojpuri,पियरो,piyaro,प्योर,pyora,1
Bhojpuri,हउये,hauye,हौवे,hauve,1
Bhojpuri,यहाँं,yahA.NM,अब,aba,1
Bhojpuri,वो,vo,और,aura,1
Bhojpuri,पियर,piyara,पीला,pIlA,1
Bhojpuri,अरे,are,ये,ye,1
Bhojpuri,बा,bA,हव,hava,1
Bhojpuri,गॉव,gaॉva,गाँव,gA.Nva,1
Bhojpuri,मरइ,marai,मढ़ई,ma.DhaI,1
Bhojpuri,हउए,haue,हौई,hauI,1
Bhojpuri,सबके,sabake,सब,saba,1
Bhojpuri,हउवे,hauve,हउई,hauI,1
Bhojpuri,हवन,havana,है,hai,1
Bhojpuri,टी,TI,ठे,The,1
Bhojpuri,बड़हन,ba.Dahana,बरौन,barauna,1
Bhojpuri,ढेर,Dhera,भीड़,bhI.Da,1
Bhojpuri,बाड़न,bA.Dana,बारा,bArA,1
Bhojpuri,जाये,jAye,जाए,jAe,1
Bhojpuri,गया,gayA,गए,gae,1
Bhojpuri,करके,karake,कई,kaI,1
Bhojpuri,गइल,gaila,गैज,gaija,1
Bhojpuri,लेके,leke,लाइक,lAika,1
Bhojpuri,ओके,oke,होके,hoke,1
Bhojpuri,गईल,gaIla,गै,gai,1
Bhojpuri,पहिन,pahina,पहने,pahane,1
Bhojpuri,बेटा,beTA,बाटे,bATe,1
Bhojpuri,वेड,veDa,ओड,oDa,1
Bhojpuri,पोधे,podhe,पौधा,paudhA,1
Bhojpuri,एजा,ejA,हैजा,haijA,1
Bhojpuri,नया,nayA,मेन,mena,1
Bhojpuri,का,kA,पे,pe,1
Bhojpuri,काँच,kA.Ncha,घास,ghAsa,1
Bhojpuri,एक,eka,इसमें,isameM,1
Bhojpuri,में,meM,है,hai,1
Bhojpuri,यह,yaha,का,kA,1
Bhojpuri,हय,haya,ए,e,1
Bhojpuri,गांव,gAMva,घर,ghara,1
Bhojpuri,आहार,AhAra,पहाड़,pahA.Da,1
Bhojpuri,बा,bA,की,kI,1
Bhojpuri,लग,laga,दिख,dikha,1
Bhojpuri,झाड़ी,jhA.DI,झाड़ियाँ,jhA.DiyA.N,1
Bhojpuri,बा,bA,फ्लाईओवर,phlAIovara,1
Bhojpuri,लईका,laIkA,लाइक,lAika,1
Bhojpuri,लईका,laIkA,लगा,lagA,1
Bhojpuri,कोनो,kono,तूने,tUne,1
Bhojpuri,इहा,ihA,यह,yaha,1
Bhojpuri,या,yA,यहाँ,yahA.N,1
Bhojpuri,लं,laM,लंबी,laMbI,1
Bhojpuri,ऊबो,Ubo,बहु,bahu,1
Bhojpuri,आइल,Aila,हल,hala,1
Bhojpuri,हनुमन,hanumana,मन,mana,1
Bhojpuri,पंछी,paMChI,पक्षी,pakShI,1
Bhojpuri,हउएन,hauena,हवै,havai,1
Bhojpuri,खूब,khUba,उनका,unakA,1
Bhojpuri,खिर,khira,खिड़की,khi.DakI,1
Bhojpuri,उधर,udhara,घर,ghara,1
Bhojpuri,भईल,bhaIla,होईल,hoIla,1
Bhojpuri,ह,ha,हॉर,haॉra,1
Bhojpuri,अइ,ai,आई,AI,1
Bhojpuri,हउवे,hauve,हउइ,haui,1
Bhojpuri,उने,une,ओनि,oni,1
Bhojpuri,बान,bAna,बनो,bano,1
Bhojpuri,हउवे,hauve,हुए,hue,1
Bhojpuri,ओजा,ojA,वूजा,vUjA,1
Bhojpuri,एजा,ejA,जब,jaba,1
Bhojpuri,ऐसे,aise,जैसे,jaise,1
Bhojpuri,ओरी,orI,और,aura,1
Bhojpuri,उनपर,unapara,ऊपर,Upara,1
Bhojpuri,एं,eM,ये,ye,1
Bhojpuri,बइठल,baiThala,बैठा,baiThA,1
Bhojpuri,होने,hone,हु,hu,1
Bhojpuri,कितना,kitanA,बड़ा,ba.DA,1
Bhojpuri,एमे,eme,देखने,dekhane,1
Bhojpuri,प्रयोग,prayoga,रोग,roga,1
Bhojpuri,झकास,jhakAsa,चका,chakA,1
Bhojpuri,दुगो,dugo,दो,do,1
Bhojpuri,ई,I,खूब,khUba,1
Bhojpuri,एमे,eme,मै,mai,1
Bhojpuri,कइल,kaila,कर,kara,1
Bhojpuri,शुन,shuna,शो,sho,1
Bhojpuri,गाल,gAla,बगल,bagala,1
Bhojpuri,अइसा,aisA,ऐसा,aisA,1
Bhojpuri,अइसन,aisana,हमेशा,hameshA,1
Bhojpuri,उदयपुर,udayapura,गोरखपुर,gorakhapura,1
Bhojpuri,ओम,oma,होम,homa,1
Bhojpuri,गयल,gayala,गई,gaI,1
Bhojpuri,बरहन,barahana,बढ़न,ba.Dhana,1
Bhojpuri,कुछ‌‌‌,kuCha‌‌‌,कुछ,kuCha,1
Bhojpuri,एक,eka,एवं,evaM,1
Bhojpuri,केहू,kehU,क्यू,kyU,1
Bhojpuri,क,ka,पौधा,paudhA,1
Bhojpuri,ओरत,orata,जीन्स,jInsa,1
Bhojpuri,बईक,baIka,बाइक,bAika,1
Bhojpuri,ओहिजा,ohijA,ओजे,oje,1
Bhojpuri,औकरी,aukarI,करीब,karIba,1
Bhojpuri,निला,nilA,लीला,lIlA,1
Bhojpuri,बलफ,balapha,बल्लभ,ballabha,1
Bhojpuri,के,ke,ए,e,1
Bhojpuri,सूंढ़,sUM.Dha,सो,so,1
Bhojpuri,ओहिपर,ohipara,ऊपर,Upara,1
Bhojpuri,ई,I,इभा,ibhA,1
Bhojpuri,ऐइसन,aiisana,एसन,esana,1
Bhojpuri,उहे,uhe,वह,vaha,1
Bhojpuri,धइल,dhaila,ढईल,DhaIla,1
Bhojpuri,तिरसुल,tirasula,त्रिशूल,trishUla,1
Bhojpuri,मै,mai,में,meM,1
Bhojpuri,साना,sAnA,सुन,suna,1
Bhojpuri,पास,pAsa,पार्क,pArka,1
Bhojpuri,सीन्स,sInsa,से,se,1
Bhojpuri,गये,gaye,गए,gae,1
Bhojpuri,बुरा,burA,भूरा,bhUrA,1
Bhojpuri,ईत,Ita,इतर,itara,1
Bhojpuri,सईकिलीन,saIkilIna,साइकिलिंग,sAikiliMga,1
Bhojpuri,फईलवाल,phaIlavAla,फैलावल,phailAvala,1
Bhojpuri,पर,para,को,ko,1
Bhojpuri,हवें,haveM,हई,haI,1
Bhojpuri,पथ,patha,पत्थर,patthara,1
Bhojpuri,रउवा,rauvA,रौआ,rauA,1
Bhojpuri,जहाँ,jahA.N,जोन,jona,1
Bhojpuri,उल,ula,वूल,vUla,1
Bhojpuri,और,aura,अरे,are,1
Bhojpuri,अच्छा,achChA,और,aura,1
Bhojpuri,कोनों,konoM,करण,karaNa,1
Bhojpuri,एजा,ejA,इजो,ijo,1
Bhojpuri,हौ,hau,हां,hAM,1
Bhojpuri,लगल,lagala,लटकल,laTakala,1
Bhojpuri,द्रस्य,drasya,दृश्य,dRRishya,1
Bhojpuri,उदी,udI,वादी,vAdI,1
Bhojpuri,लोगिन,logina,लगी,lagI,1
Bhojpuri,अ,a,आए,Ae,1
Bhojpuri,इह,iha,ये,ye,1
Bhojpuri,इनके,inake,की,kI,1
Bhojpuri,हौ,hau,बा,bA,1
Bhojpuri,एजा,ejA,जो,jo,1
Bhojpuri,हम,hama,लौकता,laukatA,1
Bhojpuri,तनी,tanI,तनिक,tanika,1
Bhojpuri,सर्फ,sarpha,शराब,sharAba,1
Bhojpuri,जला,jalA,ज्यादा,jyAdA,1
Bhojpuri,लगता,lagatA,लागत,lAgata,1
Bhojpuri,अस्म,asma,आस,Asa,1
Bhojpuri,और,aura,है,hai,1
Bhojpuri,इस,isa,ये,ye,1
Bhojpuri,लउकत,laukata,लोगत,logata,1
Bhojpuri,भयल,bhayala,होईल,hoIla,1
Bhojpuri,हवे,have,हमें,hameM,1
Bhojpuri,लौकत,laukata,लगत,lagata,1
Bhojpuri,पीला,pIlA,पियर,piyara,1
Bhojpuri,लाइट,lAiTa,लागतीर,lAgatIra,1
Bhojpuri,उरा,urA,वाला,vAlA,1
Bhojpuri,लगे,lage,के,ke,1
Bhojpuri,रंगल,raMgala,रखल,rakhala,1
Bhojpuri,हय,haya,आई,AI,1
Bhojpuri,उजजर,ujajara,उजड़,uja.Da,1
Bhojpuri,गुब्बारा,gubbArA,बारह,bAraha,1
Bhojpuri,गइ,gai,के,ke,1
Bhojpuri,येह,yeha,एक,eka,1
Bhojpuri,उस,usa,वुस,vusa,1
Bhojpuri,वह,vaha,ब,ba,1
Bhojpuri,टाइल्स,TAilsa,टेस्ट,TesTa,1
Bhojpuri,आँचल,A.Nchala,आजल,Ajala,1
Bhojpuri,भइल,bhaila,हल,hala,1
Bhojpuri,आपण,ApaNa,अपन,apana,1
Bhojpuri,नी,nI,एक,eka,1
Bhojpuri,स्वस्थ,svastha,स्वाद,svAda,1
Bhojpuri,पुल,pula,ओ,o,1
Bhojpuri,ख्याति,khyAti,खैँ,khai.N,1
Bhojpuri,ख्य,khya,खाये,khAye,1
Bhojpuri,थाना,thAnA,थामे,thAme,1
Bhojpuri,वाइट,vAiTa,वेट,veTa,1
Bhojpuri,गोडाउन,goDAuna,बड़वान,ba.DavAna,1
Bhojpuri,ये,ye,गो,go,1
Bhojpuri,ऊना,UnA,वाना,vAnA,1
Bhojpuri,इमें,imeM,ईमे,Ime,1
Bhojpuri,हउए,haue,हौवे,hauve,1
Bhojpuri,हेंगया,heMgayA,हइया,haiyA,1
Bhojpuri,ए,e,यही,yahI,1
Bhojpuri,वेयर,veyara,वॉर,vaॉra,1
Bhojpuri,एइपर,eipara,पर,para,1
Bhojpuri,अअ,aa,आ,A,1
Bhojpuri,आएटो,AeTo,ऑटो,ऑTo,1
Bhojpuri,ए,e,भई,bhaI,1
Bhojpuri,एमें,emeM,इमे,ime,1
Bhojpuri,जेसन,jesana,जैसा,jaisA,1
Bhojpuri,आरके,Arake,आर्क,Arka,1
Bhojpuri,इनहु,inahu,एवं,evaM,1
Bhojpuri,फटाक,phaTAka,फाटक,phATaka,1
Bhojpuri,बहुत,bahuta,ऊत,Uta,1
Bhojpuri,एकरे,ekare,एक,eka,1
Bhojpuri,भी,bhI,के,ke,1
Bhojpuri,वोती,votI,ओती,otI,1
Bhojpuri,बावे,bAve,बाबा,bAbA,1
Bhojpuri,तनी,tanI,तुम,tuma,1
Bhojpuri,एको,eko,इदहा,idahA,1
Bhojpuri,उइट,uiTa,वाइट,vAiTa,1
Bhojpuri,कइयल,kaiyala,करियर,kariyara,1
Bhojpuri,ओटो,oTo,वोटो,voTo,1
Bhojpuri,लगा,lagA,लाग,lAga,1
Bhojpuri,वृक्ष,vRRikSha,वृच,vRRicha,1
Bhojpuri,है,hai,हवे,have,1
Bhojpuri,द्वारी,dvArI,दुआरी,duArI,1
Bhojpuri,बङा,ba~NA,बाणा,bANA,1
Bhojpuri,यह,yaha,हई,haI,1
Bhojpuri,मालवा,mAlavA,मुरमा,muramA,1
Bhojpuri,सड़क,sa.Daka,समय,samaya,1
Bhojpuri,बोलने,bolane,बनला,banalA,1
Bhojpuri,भदा,bhadA,बाद,bAda,1
Bhojpuri,पीआर,pIAra,पियर,piyara,1
Bhojpuri,का,kA,पर,para,1
Bhojpuri,बिया,biyA,भी,bhI,1
Bhojpuri,एजा,ejA,या,yA,1
Bhojpuri,ऐजा,aijA,एरिया,eriyA,1
Bhojpuri,उजर,ujara,उज्ज्वल,ujjvala,1
Bhojpuri,उर्स,ursa,उर,ura,1
Bhojpuri,एथी,ethI,इति,iti,1
Bhojpuri,लउकता,laukatA,लग,laga,1
Bhojpuri,बाडन,bADana,वाला,vAlA,1
Bhojpuri,कटबावे,kaTabAve,कटवा,kaTavA,1
Bhojpuri,आपने,Apane,अपना,apanA,1
Bhojpuri,होएला,hoelA,भैला,bhailA,1
Bhojpuri,जे,je,आदि,Adi,1
Bhojpuri,बनात,banAta,बनता,banatA,1
Bhojpuri,गाड़ी,gA.DI,भारी,bhArI,1
Bhojpuri,गैल,gaila,गए,gae,1
Bhojpuri,आयेन,Ayena,आहे,Ahe,1
Bhojpuri,की,kI,तो,to,1
Bhojpuri,बा,bA,बाकी,bAkI,1
Bhojpuri,पीहने,pIhane,किनल,kinala,1
Bhojpuri,बीया,bIyA,भी,bhI,1
Bhojpuri,सुखल,sukhala,शोखल,shokhala,1
Bhojpuri,रुकल,rukala,उकल,ukala,1
Bhojpuri,डुडु,DuDu,दूर,dUra,1
Bhojpuri,एह,eha,ये,ye,1
Bhojpuri,वो,vo,एगो,ego,1
Bhojpuri,उज्ज्जर,ujjjara,उजर,ujara,1
Bhojpuri,जौंन,jauMna,जोन,jona,1
Bhojpuri,देले,dele,डाले,DAle,1
Bhojpuri,हय|,haya|,ह,ha,1
Bhojpuri,भुड्डन,bhuDDana,बुढन,buDhana,1
Bhojpuri,के,ke,है,hai,1
Bhojpuri,हए,hae,भाई,bhAI,1
Bhojpuri,ढाब,DhAba,डब,Daba,1
Bhojpuri,इमे|,ime|,एमे,eme,1
Bhojpuri,|,|,बा,bA,1
Bhojpuri,जगह,jagaha,जबा,jabA,1
Bhojpuri,वहां,vahAM,बा,bA,1
Bhojpuri,बोहिं,bohiM,वही,vahI,1
Bhojpuri,चालत,chAlata,चलता,chalatA,1
Bhojpuri,होय,hoya,होला,holA,1
Bhojpuri,जाला,jAlA,ज्यादा,jyAdA,1
Bhojpuri,अ,a,पेड़,pe.Da,1
Bhojpuri,हॉएल,haॉela,होइल,hoila,1
Bhojpuri,की,kI,ये,ye,1
Bhojpuri,वि,vi,भीम,bhIma,1
Bhojpuri,सबह,sabaha,सभे,sabhe,1
Bhojpuri,बाड़ासन,bA.DAsana,बाले,bAle,1
Bhojpuri,प,pa,का,kA,1
Bhojpuri,बलि,bali,वाली,vAlI,1
Bhojpuri,व,va,वगैरह,vagairaha,1
Bhojpuri,है,hai,और,aura,1
Bhojpuri,वेद,veda,ओड,oDa,1
Bhojpuri,यहा,yahA,आ,A,1
Bhojpuri,एजा,ejA,यहाँ,yahA.N,1
Bhojpuri,डांस,DAMsa,जान,jAna,1
Bhojpuri,लोग,loga,ब्लैक,blaika,1
Bhojpuri,निचवा,nichavA,नीचे,nIche,1
Bhojpuri,गैल,gaila,गई,gaI,1
Bhojpuri,हिमे,hime,एमे,eme,1
Bhojpuri,ओकरा,okarA,अगर,agara,1
Bhojpuri,ओकनी,okanI,उगनी,uganI,1
Bhojpuri,प्रिंट,priMTa,पेंट,peMTa,1
Bhojpuri,पत्तों,pattoM,पत्थर,patthara,1
Bhojpuri,होबे,hobe,हवे,have,1
Bhojpuri,ब्रश,brasha,बोरस,borasa,1
Bhojpuri,हो,ho,होला,holA,1
Bhojpuri,हु,hu,हूँ,hU.N,1
Bhojpuri,लौकत,laukata,ऊकत,Ukata,1
Bhojpuri,पढ़,pa.Dha,पढित,paDhita,1
Bhojpuri,सारा,sArA,साड़,sA.Da,1
Bhojpuri,जोम,joma,जन,jana,1
Bhojpuri,घारी,ghArI,गाड़ी,gA.DI,1
Bhojpuri,है,hai,ई,I,1
Bhojpuri,बाटे,bATe,ढेर,Dhera,1
Bhojpuri,भी,bhI,पे,pe,1
Bhojpuri,उन्ने,unne,में,meM,1
Bhojpuri,दे,de,हैदे,haide,1
Bhojpuri,ऊहा,UhA,वुहा,vuhA,1
Bhojpuri,एयरटेल,eyaraTela,एटल,eTala,1
Bhojpuri,कहतीर,kahatIra,खातिर,khAtira,1
Bhojpuri,बंद,baMda,बांध,bAMdha,1
Bhojpuri,सूर्या,sUryA,सुरजा,surajA,1
Bhojpuri,जउन,jauna,जागा,jAgA,1
Bhojpuri,खातिर,khAtira,खड़ी,kha.DI,1
Bhojpuri,एहिमें,ehimeM,यही,yahI,1
Bhojpuri,इ,i,है,hai,1
Bhojpuri,गइल,gaila,भेज,bheja,1
Bhojpuri,एही,ehI,ए,e,1
Bhojpuri,इमे,ime,इवा,ivA,1
Bhojpuri,ऐथी,aithI,एति,eti,1
Bhojpuri,ऐमें,aimeM,इमे,ime,1
Bhojpuri,ऐजा,aijA,एजें,ejeM,1
Bhojpuri,बाटे,bATe,ब,ba,1
Bhojpuri,खेवे,kheve,खावाई,khAvAI,1
Bhojpuri,उ,u,गो,go,1
Bhojpuri,बहुत,bahuta,काफी,kAphI,1
Bhojpuri,धैल,dhaila,धहिल,dhahila,1
Bhojpuri,दोगो,dogo,दूगा,dUgA,1
Bhojpuri,फेमस,phemasa,मस्त,masta,1
Bhojpuri,महुआ,mahuA,महुरवा,mahuravA,1
Bhojpuri,जियो,jiyo,जिओ,jio,1
Bhojpuri,गेल,gela,गई,gaI,1
Bhojpuri,ये,ye,एह,eha,1
Bhojpuri,वीर,vIra,ये,ye,1
Bhojpuri,टेम्पल,Tempala,टेबिल,Tebila,1
Bhojpuri,जोवना,jovanA,जबन,jabana,1
Bhojpuri,भइल,bhaila,बहिल,bahila,1
Bhojpuri,उडियो,uDiyo,विडिओ,viDio,1
Bhojpuri,उजा,ujA,वूजा,vUjA,1
Bhojpuri,आग्ल्वा,AglvA,आवैया,AvaiyA,1
Bhojpuri,जायिया,jAyiyA,जाइये,jAiye,1
Bhojpuri,ए,e,आई,AI,1
Bhojpuri,सीसा,sIsA,जा,jA,1
Bhojpuri,वा,vA,बाप,bApa,1
Bhojpuri,एहे,ehe,है,hai,1
Bhojpuri,ऐना,ainA,आईना,AInA,1
Bhojpuri,ओला,olA,उड़ा,u.DA,1
Bhojpuri,वादी,vAdI,उदी,udI,1
Bhojpuri,छे|,Che|,छै,Chai,1
Bhojpuri,ऐय,aiya,आया,AyA,1
Bhojpuri,लइकियन,laikiyana,लड़कियां,la.DakiyAM,1
Bhojpuri,हइ,hai,हुई,huI,1
Bhojpuri,दू,dU,दुन,duna,1
Bhojpuri,के,ke,एकरा,ekarA,1
Bhojpuri,इन,ina,ये,ye,1
Bhojpuri,एहा,ehA,यहाँ,yahA.N,1
Bhojpuri,बाय,bAya,बावे,bAve,1
Bhojpuri,लगा,lagA,लागल,lAgala,1
Bhojpuri,इया,iyA,चीज,chIja,1
Bhojpuri,बानी,bAnI,बाईन,bAIna,1
Bhojpuri,बनी,banI,बाईन,bAIna,1
Bhojpuri,पेर,pera,हेयर,heyara,1
Bhojpuri,बेच्चु,bechchu,बेचू,bechU,1
Bhojpuri,हो,ho,उगो,ugo,1
Bhojpuri,का,kA,क्या,kyA,1
Bhojpuri,हउए,haue,हुई,huI,1
Bhojpuri,हओये,haoye,हुई,huI,1
Bhojpuri,तउन,tauna,तो,to,1
Bhojpuri,घघरी,ghagharI,ग्रीन,grIna,1
Bhojpuri,हउए,haue,ह,ha,1
Bhojpuri,कइल,kaila,कई,kaI,1
Bhojpuri,बइठल,baiThala,बैठे,baiThe,1
Bhojpuri,ये,ye,ही,hI,1
Bhojpuri,हुवन,huvana,वन,vana,1
Bhojpuri,हईन,haIna,है,hai,1
Bhojpuri,उ,u,अव,ava,1
Bhojpuri,हऊवन,haUvana,अव्वल,avvala,1
Bhojpuri,ओमन,omana,उमंग,umaMga,1
Bhojpuri,के,ke,भी,bhI,1
Bhojpuri,एमा,emA,माँ,mA.N,1
Bhojpuri,सई,saI,सही,sahI,1
Bhojpuri,मूँछ,mU.NCha,मोछ,moCha,1
Bhojpuri,वुर्शी,vurshI,उर्सी,ursI,1
Bhojpuri,हाऊ,hAU,हवन,havana,1
Bhojpuri,हउअ,haua,हुवे,huve,1
Bhojpuri,ओसे,ose,उनसे,unase,1
Bhojpuri,अइसन,aisana,एक्सन,eksana,1
Bhojpuri,कुल,kula,पू,pU,1
Bhojpuri,हउए,haue,हो,ho,1
Bhojpuri,शीत,shIta,सीट,sITa,1
Bhojpuri,आवताटे,AvatATe,त,ta,1
Bhojpuri,आवत,Avata,आता,AtA,1
Bhojpuri,लागताटे,lAgatATe,लगाता,lagAtA,1
Bhojpuri,ताभ,tAbha,किताब,kitAba,1
Bhojpuri,औरते,aurate,होते,hote,1
Bhojpuri,सिर्फल,sirphala,श्रीफल,shrIphala,1
Bhojpuri,ऐधे,aidhe,यदि,yadi,1
Bhojpuri,इ,i,बहुत,bahuta,1
Bhojpuri,पटिया,paTiyA,बत्तीया,battIyA,1
Bhojpuri,येठि,yeThi,एठी,eThI,1
Bhojpuri,आ,A,रोड,roDa,1
Bhojpuri,एम्मे,emme,इमे,ime,1
Bhojpuri,फ़िन,fina,तीन,tIna,1
Bhojpuri,हीय,hIya,यह,yaha,1
Bhojpuri,बाटे,bATe,पड़ते,pa.Date,1
Bhojpuri,हवा,havA,बा,bA,1
Bhojpuri,ट्रेन,Trena,टैन,Taina,1
Bhojpuri,माॅडन,mA.cDana,मॉडर्न,maॉDarna,1
Bhojpuri,बहुत,bahuta,खूब,khUba,1
Bhojpuri,ऑरू,ऑrU,और,aura,1
Bhojpuri,एमए,emae,इनमें,inameM,1
Bhojpuri,टोफ़ी,TofI,टॉपी,TaॉpI,1
Bhojpuri,कॉपी,kaॉpI,काफी,kAphI,1
Bhojpuri,पिए,pie,पिये,piye,1
Bhojpuri,भीड़,bhI.Da,पेड़,pe.Da,1
Bhojpuri,शाइन,shAina,साइज,sAija,1
Bhojpuri,पाइप,pAipa,बाइक,bAika,1
Bhojpuri,झरना,jharanA,दाना,dAnA,1
Bhojpuri,टोटो,ToTo,ऑटो,ऑTo,1
Bhojpuri,एक,eka,बहुत,bahuta,1
Bhojpuri,नियर,niyara,नहीं,nahIM,1
Bhojpuri,ओहीजा,ohIjA,उइजा,uijA,1
Bhojpuri,म,ma,उम्म,umma,1
Bhojpuri,बान,bAna,बना,banA,1
Bhojpuri,लोग,loga,नजर,najara,1
Bhojpuri,खातिर,khAtira,खत,khata,1
Bhojpuri,नियर,niyara,में,meM,1
Bhojpuri,तरीका,tarIkA,तरह,taraha,1
Bhojpuri,ला,lA,लागर,lAgara,1
Bhojpuri,इधर,idhara,इजे,ije,1
Bhojpuri,बिया,biyA,या,yA,1
Bhojpuri,ई,I,इन,ina,1
Bhojpuri,घर,ghara,इधर,idhara,1
Bhojpuri,कुल,kula,को,ko,1
Bhojpuri,ओन,ona,उनो,uno,1
Bhojpuri,पछित,paChita,पक्षी,pakShI,1
Bhojpuri,बिया,biyA,हुआ,huA,1
Bhojpuri,दीखताटे,dIkhatATe,दिखत,dikhata,1
Bhojpuri,लागल,lAgala,हल,hala,1
Bhojpuri,लगवले,lagavale,टंगले,TaMgale,1
Bhojpuri,बै,bai,बाय,bAya,1
Bhojpuri,हइ,hai,भाई,bhAI,1
Bhojpuri,जोन,jona,जौ,jau,1
Bhojpuri,ओइजा,oijA,वैसा,vaisA,1
Bhojpuri,हेही,hehI,हे,he,1
Bhojpuri,से,se,जैसे,jaise,1
Bhojpuri,पर,para,के,ke,1
Bhojpuri,ऐं,aiM,ए,e,1
Bhojpuri,हवे,have,हउए,haue,1
Bhojpuri,लगाई,lagAI,लाइ,lAi,1
Bhojpuri,इ,i,तो,to,1
Bhojpuri,जोन,jona,जम,jama,1
Bhojpuri,कईल,kaIla,करिल,karila,1
Bhojpuri,एइजा,eijA,जब,jaba,1
Bhojpuri,एके,eke,देखे,dekhe,1
Bhojpuri,बनी,banI,वाली,vAlI,1
Bhojpuri,खब्बा,khabbA,खंभा,khaMbhA,1
Bhojpuri,उज्जड,ujjaDa,उजर,ujara,1
Bhojpuri,ऊह,Uha,उ,u,1
Bhojpuri,कटरैन,kaTaraina,कर्टेन,karTena,1
Bhojpuri,बाने,bAne,वाले,vAle,1
Bhojpuri,खीच्वा,khIchvA,खिंचवा,khiMchavA,1
Bhojpuri,पहिनले,pahinale,पहन,pahana,1
Bhojpuri,वंहा,vaMhA,जहां,jahAM,1
Bhojpuri,गए,gae,के,ke,1
Bhojpuri,लड़ीका,la.DIkA,लड़कियां,la.DakiyAM,1
Bhojpuri,लेल,lela,लेना,lenA,1
Bhojpuri,जेकर,jekara,जैको,jaiko,1
Bhojpuri,तहरे,tahare,टघरे,Taghare,1
Bhojpuri,उइच,uicha,वैच,vaicha,1
Bhojpuri,एहमे,ehame,में,meM,1
Bhojpuri,एकर,ekara,ऊपर,Upara,1
Bhojpuri,कतून,katUna,कतु,katu,1
Bhojpuri,ह,ha,का,kA,1
Bhojpuri,न्यू,nyU,ये,ye,1
Bhojpuri,ओही,ohI,हुई,huI,1
Bhojpuri,पाँच,pA.Ncha,पान,pAna,1
Bhojpuri,बाटे,bATe,वाटर,vATara,1
Bhojpuri,जेकर,jekara,एकर,ekara,1
Bhojpuri,बच्चियन,bachchiyana,वजियन,vajiyana,1
Bhojpuri,आयल,Ayala,ऑइल,ऑila,1
Bhojpuri,लिहल,lihala,लेल,lela,1
Bhojpuri,सीबिज,sIbija,सीवीड,sIvIDa,1
Bhojpuri,एकर,ekara,पकड़,paka.Da,1
Bhojpuri,ह,ha,हैं,haiM,1
Bhojpuri,रशि,rashi,रस्सी,rassI,1
Bhojpuri,लागल,lAgala,लगा,lagA,1
Bhojpuri,कांच,kAMcha,गाछ,gACha,1
Bhojpuri,ओने,one,में,meM,1
Bhojpuri,आईजा,AIjA,यार,yAra,1
Bhojpuri,काटल,kATala,कटा,kaTA,1
Bhojpuri,भहोत,bhahota,बहुत,bahuta,1
Bhojpuri,हूं,hUM,हुवा,huvA,1
Bhojpuri,हेनिया,heniyA,ये,ye,1
Bhojpuri,लागल,lAgala,रखल,rakhala,1
Bhojpuri,ओकरे,okare,उसके,usake,1
Bhojpuri,पाईल,pAIla,पाए,pAe,1
Bhojpuri,सीसे,sIse,शीशे,shIshe,1
Bhojpuri,केतना,ketanA,कित्ता,kittA,1
Bhojpuri,लाइका,lAikA,लेके,leke,1
Bhojpuri,रहा,rahA,जाए,jAe,1
Bhojpuri,ओसीन,osIna,वशीन,vashIna,1
Bhojpuri,ओलुन,oluna,उलून,ulUna,1
Bhojpuri,यां,yAM,यह,yaha,1
Bhojpuri,बेबस्था,bebasthA,व्यवस्था,vyavasthA,1
Bhojpuri,तीरे,tIre,टीले,TIle,1
Bhojpuri,जैत,jaita,जाते,jAte,1
Bhojpuri,एमे,eme,यमन,yamana,1
Bhojpuri,यहां,yahAM,ये,ye,1
Bhojpuri,जोवन,jovana,जॉन,jaॉna,1
Bhojpuri,एहिजा,ehijA,इजा,ijA,1
Bhojpuri,मनई,manaI,आदमी,AdamI,1
Bhojpuri,होउवे,houve,हवा,havA,1
Bhojpuri,पे,pe,का,kA,1
Bhojpuri,बइकओ,baikao,बाइकियों,bAikiyoM,1
Bhojpuri,कइली,kailI,कहिले,kahile,1
Bhojpuri,वारान,vArAna,बारह,bAraha,1
Bhojpuri,औ,au,बा,bA,1
Bhojpuri,बोहत,bohata,बहुत,bahuta,1
Bhojpuri,जेमन,jemana,जुम्मन,jummana,1
Chhattisgarhi,म,ma,वहां,vahAM,1
Chhattisgarhi,का,kA,काका,kAkA,1
Chhattisgarhi,बा,bA,हुआ,huA,1
Chhattisgarhi,अब,aba,आ,A,1
Chhattisgarhi,चीला,chIlA,किला,kilA,1
Chhattisgarhi,चुन्नी,chunnI,चूरनी,chUranI,1
Chhattisgarhi,मलाह,malAha,मोला,molA,1
Chhattisgarhi,गेम,gema,जिम,jima,1
Chhattisgarhi,जना,janA,जेमा,jemA,1
Chhattisgarhi,सबकती,sabakatI,सबसे,sabase,1
Chhattisgarhi,अइसने,aisane,स्नेह,sneha,1
Chhattisgarhi,पर,para,का,kA,1
Chhattisgarhi,से,se,में,meM,1
Chhattisgarhi,ई,I,ही,hI,1
Chhattisgarhi,उ,u,और,aura,1
Chhattisgarhi,एह,eha,हे,he,1
Chhattisgarhi,हुवे,huve,हुए,hue,1
Chhattisgarhi,आउ,Au,औ,au,1
Chhattisgarhi,यहाँँ,yahA.N.N,हे,he,1
Chhattisgarhi,जेकर,jekara,देखर,dekhara,1
Chhattisgarhi,फुगा,phugA,उग्गा,uggA,1
Chhattisgarhi,में,meM,बगल,bagala,1
Chhattisgarhi,एहा,ehA,ह,ha,1
Chhattisgarhi,ऐखर,aikhara,एका,ekA,1
Chhattisgarhi,वो,vo,अऊ,aU,1
Chhattisgarhi,दिखत,dikhata,दिक्कत,dikkata,1
Chhattisgarhi,राइ,rAi,रही,rahI,1
Chhattisgarhi,बेचात,bechAta,विचार,vichAra,1
Chhattisgarhi,झीन,jhIna,ही,hI,1
Chhattisgarhi,ल,la,मंथ,maMtha,1
Chhattisgarhi,हावय,hAvaya,हबा,habA,1
Chhattisgarhi,ओइला,oilA,कोयला,koyalA,1
Chhattisgarhi,ओकर,okara,का,kA,1
Chhattisgarhi,होत,hota,बहुत,bahuta,1
Chhattisgarhi,अउ,au,एक,eka,1
Chhattisgarhi,एहा,ehA,हाँ,hA.N,1
Chhattisgarhi,हावय,hAvaya,है,hai,1
Chhattisgarhi,समीर,samIra,सुनील,sunIla,1
Chhattisgarhi,घलो,ghalo,घलाव,ghalAva,1
Chhattisgarhi,आघु,Aghu,आगों,AgoM,1
Chhattisgarhi,हेअउ,heau,है,hai,1
Chhattisgarhi,हिलय,hilaya,है,hai,1
Chhattisgarhi,सुन्दर,sundara,शुद्ध,shuddha,1
Chhattisgarhi,तेमा,temA,जेमन,jemana,1
Chhattisgarhi,तार,tAra,किताब,kitAba,1
Chhattisgarhi,एकर,ekara,देखर,dekhara,1
Chhattisgarhi,एक,eka,इस,isa,1
Chhattisgarhi,ऐरपोट,airapoTa,एयरपोर्ट,eyaraporTa,1
Chhattisgarhi,कखरो,kakharo,क्रू,krU,1
Chhattisgarhi,हावय,hAvaya,हए,hae,1
Chhattisgarhi,खिचत,khichata,खींचात,khIMchAta,1
Chhattisgarhi,बढ़िया,ba.DhiyA,बड़ी,ba.DI,1
Chhattisgarhi,ओमा,omA,उम,uma,1
Chhattisgarhi,नइ,nai,नहीं,nahIM,1
Chhattisgarhi,उल्ल,ulla,वुल,vula,1
Chhattisgarhi,आए,Ae,है,hai,1
Chhattisgarhi,अनेक,aneka,जने,jane,1
Chhattisgarhi,कुआ,kuA,वहां,vahAM,1
Chhattisgarhi,एहा,ehA,हैं,haiM,1
Chhattisgarhi,जेकर,jekara,जैका,jaikA,1
Chhattisgarhi,बईठा,baIThA,बैठ,baiTha,1
Chhattisgarhi,और,aura,आओ,Ao,1
Chhattisgarhi,क्या,kyA,सब,saba,1
Chhattisgarhi,कन,kana,गण,gaNa,1
Chhattisgarhi,कम,kama,गन,gana,1
Chhattisgarhi,झन,jhana,जो,jo,1
Chhattisgarhi,जो,jo,लग,laga,1
Chhattisgarhi,इहा,ihA,हाँ,hA.N,1
Chhattisgarhi,हे,he,हुए,hue,1
Chhattisgarhi,जेकर,jekara,जिसका,jisakA,1
Chhattisgarhi,धोये,dhoye,धोए,dhoe,1
Chhattisgarhi,हे,he,की,kI,1
Chhattisgarhi,बैठ,baiTha,बिट,biTa,1
Chhattisgarhi,देख,dekha,एक,eka,1
Chhattisgarhi,प्रार्थना,prArthanA,आराधना,ArAdhanA,1
Chhattisgarhi,जाथे,jAthe,जाती,jAtI,1
Chhattisgarhi,वन्सिल,vansila,लगीं,lagIM,1
Chhattisgarhi,वेंचि,veMchi,ओंची,oMchI,1
Chhattisgarhi,होएं,hoeM,ह,ha,1
Chhattisgarhi,मन,mana,माना,mAnA,1
Chhattisgarhi,जगह,jagaha,जहाँ,jahA.N,1
Chhattisgarhi,वाइल्स,vAilsa,वाई,vAI,1
Chhattisgarhi,झीन,jhIna,छे,Che,1
Chhattisgarhi,आहे,Ahe,हवे,have,1
Chhattisgarhi,झीन,jhIna,जो,jo,1
Chhattisgarhi,दिक्कत,dikkata,दिखत,dikhata,1
Chhattisgarhi,एदे,ede,इधर,idhara,1
Chhattisgarhi,हवेय,haveya,हवा,havA,1
Chhattisgarhi,बोर्ड,borDa,बोट,boTa,1
Chhattisgarhi,जिक,jika,भी,bhI,1
Chhattisgarhi,ठीक,ThIka,ठे,The,1
Chhattisgarhi,गलूक,galUka,खालो,khAlo,1
Chhattisgarhi,ओदे,ode,उधर,udhara,1
Chhattisgarhi,एती,etI,पोते,pote,1
Chhattisgarhi,ओती,otI,इतने,itane,1
Chhattisgarhi,मुछ,muCha,मूंछ,mUMCha,1
Chhattisgarhi,जेखर,jekhara,एकर,ekara,1
Chhattisgarhi,हे,he,में,meM,1
Chhattisgarhi,जैसे,jaise,देखे,dekhe,1
Chhattisgarhi,ले,le,में,meM,1
Chhattisgarhi,ऐहा,aihA,येहा,yehA,1
Chhattisgarhi,दय,daya,देवा,devA,1
Chhattisgarhi,मन,mana,ने,ne,1
Chhattisgarhi,लइका,laikA,लिखे,likhe,1
Chhattisgarhi,ला,lA,बंगला,baMgalA,1
Chhattisgarhi,बड़का,ba.DakA,बरखा,barakhA,1
Chhattisgarhi,और,aura,वो,vo,1
Chhattisgarhi,बड़का,ba.DakA,का,kA,1
Chhattisgarhi,और,aura,आ,A,1
Chhattisgarhi,अहिया,ahiyA,आईहा,AIhA,1
Chhattisgarhi,विब्भिन,vibbhina,विभिन्न,vibhinna,1
Chhattisgarhi,जेकर,jekara,एकर,ekara,1
Chhattisgarhi,एहा,ehA,येहा,yehA,1
Chhattisgarhi,पाँच,pA.Ncha,पास,pAsa,1
Chhattisgarhi,फललल,phalalala,फल,phala,1
Chhattisgarhi,घलो,ghalo,घालू,ghAlU,1
Chhattisgarhi,भी,bhI,के,ke,1
Chhattisgarhi,घलो,ghalo,भालू,bhAlU,1
Chhattisgarhi,जो,jo,छा,ChA,1
Chhattisgarhi,हवे,have,हाबे,hAbe,1
Chhattisgarhi,मन,mana,मतलब,matalaba,1
Chhattisgarhi,डाहर,DAhara,डाल,DAla,1
Chhattisgarhi,पड़े,pa.De,पेड़,pe.Da,1
Chhattisgarhi,पिए,pie,पीय,pIya,1
Chhattisgarhi,रथे,rathe,रखते,rakhate,1
Chhattisgarhi,बॉटल,baॉTala,बोतल,botala,1
Chhattisgarhi,अब,aba,आओ,Ao,1
Chhattisgarhi,स्विंलीन,sviMlIna,स्विमिंग,svimiMga,1
Chhattisgarhi,आओ,Ao,और,aura,1
Chhattisgarhi,हरा,harA,हलक,halaka,1
Chhattisgarhi,बड़,ba.Da,बहुत,bahuta,1
Chhattisgarhi,कहाँ,kahA.N,काहा,kAhA,1
Chhattisgarhi,छड़,Cha.Da,झाड़,jhA.Da,1
Chhattisgarhi,जइसन,jaisana,किसने,kisane,1
Chhattisgarhi,अगल,agala,अलग,alaga,1
Chhattisgarhi,हे,he,हिक,hika,1
Chhattisgarhi,ठीक,ThIka,हिक,hika,1
Chhattisgarhi,एकरा,ekarA,कर,kara,1
Chhattisgarhi,चे,che,ठीक,ThIka,1
Chhattisgarhi,बनाइके,banAike,बनाई,banAI,1
Chhattisgarhi,रखले,rakhale,राखल,rAkhala,1
Chhattisgarhi,ले,le,लिए,lie,1
Chhattisgarhi,आहे,Ahe,आए,Ae,1
Chhattisgarhi,इने,ine,इन्हें,inheM,1
Chhattisgarhi,मनननन,manananana,मन,mana,1
Chhattisgarhi,ऐमे,aime,में,meM,1
Chhattisgarhi,इन्हें,inheM,इने,ine,1
Chhattisgarhi,रहे,rahe,है,hai,1
Chhattisgarhi,आयी,AyI,आई,AI,1
Chhattisgarhi,इसन,isana,ईसा,IsA,1
Chhattisgarhi,कॉपी,kaॉpI,काफी,kAphI,1
Chhattisgarhi,ए,e,में,meM,1
Chhattisgarhi,और,aura,हौ,hau,1
Chhattisgarhi,ओखर,okhara,होकर,hokara,1
Chhattisgarhi,घलो,ghalo,घ,gha,1
Chhattisgarhi,टबेल,Tabela,टेबल,Tebala,1
Chhattisgarhi,आ,A,और,aura,1
Chhattisgarhi,पद,pada,पैदा,paidA,1
Chhattisgarhi,नीचे,nIche,मुझे,mujhe,1
Chhattisgarhi,पड़ही,pa.DahI,बढ़ी,ba.DhI,1
Chhattisgarhi,ऊ,U,बहू,bahU,1
Chhattisgarhi,जगह,jagaha,नीचे,nIche,1
Chhattisgarhi,फटहा,phaTahA,फठल,phaThala,1
Chhattisgarhi,देने,dene,दे,de,1
Chhattisgarhi,ऊ,U,वो,vo,1
Chhattisgarhi,से,se,शेख,shekha,1
Chhattisgarhi,मै,mai,ल,la,1
Chhattisgarhi,ल,la,लगा,lagA,1
Chhattisgarhi,कइसन,kaisana,कसम,kasama,1
Chhattisgarhi,ठी,ThI,ठिठ,ThiTha,1
Chhattisgarhi,यैसे,yaise,ऐसे,aise,1
Chhattisgarhi,एह,eha,उ,u,1
Chhattisgarhi,तइसे,taise,जिसे,jise,1
Chhattisgarhi,जइसे,jaise,कसने,kasane,1
Chhattisgarhi,जिमंह,jimaMha,झीमन,jhImana,1
Chhattisgarhi,होंहि,hoMhi,हे,he,1
Chhattisgarhi,आघू,AghU,आगो,Ago,1
Chhattisgarhi,इ,i,हे,he,1
Chhattisgarhi,कपूर,kapUra,अंबिकापुर,aMbikApura,1
Chhattisgarhi,येहे,yehe,यह,yaha,1
Chhattisgarhi,इंहा,iMhA,यह,yaha,1
Chhattisgarhi,पौधे,paudhe,औधई,audhaI,1
Chhattisgarhi,एहा,ehA,या,yA,1
Chhattisgarhi,हेव,heva,हौ,hau,1
Chhattisgarhi,कोई,koI,तो,to,1
Chhattisgarhi,घंसत,ghaMsata,घनशट,ghanashaTa,1
Chhattisgarhi,डहन,Dahana,ढान,DhAna,1
Chhattisgarhi,ठन,Thana,धना,dhanA,1
Chhattisgarhi,येहर,yehara,एहर,ehara,1
Chhattisgarhi,होके,hoke,के,ke,1
Chhattisgarhi,एतो,eto,दे,de,1
Chhattisgarhi,झी,jhI,छ,Cha,1
Chhattisgarhi,पेड़,pe.Da,के,ke,1
Chhattisgarhi,बड़,ba.Da,बाहर,bAhara,1
Chhattisgarhi,में,meM,नहीं,nahIM,1
Chhattisgarhi,केअउ,keau,के,ke,1
Chhattisgarhi,आर्य,Arya,आरी,ArI,1
Chhattisgarhi,जगह,jagaha,झोला,jholA,1
Chhattisgarhi,लगथ,lagatha,लागत,lAgata,1
Chhattisgarhi,मित्र,mitra,भीतर,bhItara,1
Chhattisgarhi,गड़ियाई,ga.DiyAI,मढ़ाए,ma.DhAe,1
Chhattisgarhi,ह,ha,हार,hAra,1
Chhattisgarhi,जइसन,jaisana,जैसा,jaisA,1
Chhattisgarhi,घलों,ghaloM,गलो,galo,1
Chhattisgarhi,वहन,vahana,बढ़िया,ba.DhiyA,1
Chhattisgarhi,सके,sake,सकता,sakatA,1
Chhattisgarhi,जहाँ,jahA.N,यह,yaha,1
Chhattisgarhi,तेलुन,teluna,सैलून,sailUna,1
Chhattisgarhi,अउरो,auro,उड़ो,u.Do,1
Chhattisgarhi,सीसे,sIse,शीशे,shIshe,1
Chhattisgarhi,स्कूल,skUla,पूल,pUla,1
Chhattisgarhi,छउवा,ChauvA,छुआ,ChuA,1
Chhattisgarhi,पड़त,pa.Data,पढ़ाता,pa.DhAtA,1
Chhattisgarhi,फेरि,pheri,फिर,phira,1
Chhattisgarhi,नए,nae,नहीं,nahIM,1
Chhattisgarhi,कानी,kAnI,कन,kana,1
Chhattisgarhi,हैंसाला,haiMsAlA,है,hai,1
Chhattisgarhi,लग,laga,दिख,dikha,1
Chhattisgarhi,रहलआए,rahalaAe,रहे,rahe,1
Chhattisgarhi,आय,Aya,है,hai,1
Chhattisgarhi,भांति,bhAMti,बाती,bAtI,1
Chhattisgarhi,जनिक,janika,जने,jane,1
Chhattisgarhi,वाईट,vAITa,व्हाइट,vhAiTa,1
Chhattisgarhi,एखा,ekhA,एक,eka,1
Chhattisgarhi,बना,banA,माना,mAnA,1
Chhattisgarhi,घलो,ghalo,हेलो,helo,1
Chhattisgarhi,ऐसने,aisane,एह,eha,1
Chhattisgarhi,इ,i,एक,eka,1
Chhattisgarhi,ठोकाये,ThokAye,ठुकाई,ThukAI,1
Chhattisgarhi,करही,karahI,करे,kare,1
Chhattisgarhi,सकथन,sakathana,सकते,sakate,1
Chhattisgarhi,सीस,sIsa,शीश,shIsha,1
Chhattisgarhi,सुग्घर,sugghara,सुंदर,suMdara,1
Chhattisgarhi,काबर,kAbara,कवर,kavara,1
Chhattisgarhi,राखथन,rAkhathana,रखता,rakhatA,1
Chhattisgarhi,ह,ha,हवा,havA,1
Chhattisgarhi,सुघ्घर,sughghara,सुखद,sukhada,1
Chhattisgarhi,बड़े,ba.De,भरे,bhare,1
Chhattisgarhi,एंम,eMma,एवं,evaM,1
Chhattisgarhi,भी,bhI,उइ,ui,1
Chhattisgarhi,आ,A,आगे,Age,1
Chhattisgarhi,की,kI,एक,eka,1
Chhattisgarhi,हाबे,hAbe,हते,hate,1
Chhattisgarhi,देखे,dekhe,घे,ghe,1
Chhattisgarhi,बर,bara,व,va,1
Chhattisgarhi,काबर,kAbara,टावर,TAvara,1
Chhattisgarhi,ऐसने,aisane,इतने,itane,1
Chhattisgarhi,आऊ,AU,हओ,hao,1
Chhattisgarhi,झन,jhana,झंड,jhaMDa,1
Chhattisgarhi,अऊ,aU,वे,ve,1
Chhattisgarhi,मिंश,miMsha,मीन्स,mInsa,1
Chhattisgarhi,हाव,hAva,हो,ho,1
Chhattisgarhi,लाईट,lAITa,लाइट्स,lAiTsa,1
Chhattisgarhi,सकथन,sakathana,सकता,sakatA,1
Chhattisgarhi,न,na,उन्ह,unha,1
Chhattisgarhi,एहल,ehala,हॉल,haॉla,1
Chhattisgarhi,समाज,samAja,समझ,samajha,1
Chhattisgarhi,वछ्ली,vaChlI,असली,asalI,1
Chhattisgarhi,रीसन्ट,rIsanTa,रिसेंट,riseMTa,1
Chhattisgarhi,रहीथे,rahIthe,हे,he,1
Chhattisgarhi,अउ,au,आओ,Ao,1
Chhattisgarhi,है,hai,वगैरह,vagairaha,1
Chhattisgarhi,अच्छा,achChA,छा,ChA,1
Chhattisgarhi,एमे,eme,हमें,hameM,1
Chhattisgarhi,एदे,ede,यहाँ,yahA.N,1
Chhattisgarhi,गंजी,gaMjI,घंटी,ghaMTI,1
Chhattisgarhi,चइत,chaita,चैत्र,chaitra,1
Chhattisgarhi,ये,ye,हैं,haiM,1
Chhattisgarhi,तीर,tIra,थी,thI,1
Chhattisgarhi,पूरा,pUrA,अब,aba,1
Chhattisgarhi,मईचीन,maIchIna,मैचिंग,maichiMga,1
Chhattisgarhi,मोलै,molai,मौलाये,maulAye,1
Chhattisgarhi,सारा,sArA,बड़ा,ba.DA,1
Chhattisgarhi,कोनार,konAra,कॉर्नर,kaॉrnara,1
Chhattisgarhi,देथे,dethe,देत,deta,1
Chhattisgarhi,लेहे,lehe,रहे,rahe,1
Chhattisgarhi,एह,eha,है,hai,1
Chhattisgarhi,स,sa,सजा,sajA,1
Chhattisgarhi,अपन,apana,मस्त,masta,1
Chhattisgarhi,रईथे,raIthe,रखे,rakhe,1
Chhattisgarhi,मतलब,matalaba,तब,taba,1
Chhattisgarhi,अतका,atakA,इतना,itanA,1
Chhattisgarhi,गयेन,gayena,गए,gae,1
Chhattisgarhi,हेऔर,heaura,है,hai,1
Chhattisgarhi,मधूक,madhUka,मधु,madhu,1
Chhattisgarhi,ह,ha,को,ko,1
Chhattisgarhi,ल,la,वाला,vAlA,1
Chhattisgarhi,से,se,है,hai,1
Chhattisgarhi,बईथ,baItha,बैठ,baiTha,1
Chhattisgarhi,जहां,jahAM,जग,jaga,1
Chhattisgarhi,हो,ho,हूँ,hU.N,1
Chhattisgarhi,वैसे,vaise,मछली,maChalI,1
Chhattisgarhi,एमा,emA,येमा,yemA,1
Chhattisgarhi,हे,he,हरै,harai,1
Chhattisgarhi,एमन,emana,इमान,imAna,1
Chhattisgarhi,सुक्खा,sukkhA,सूखा,sUkhA,1
Chhattisgarhi,खुद,khuda,कूद,kUda,1
Chhattisgarhi,हावय,hAvaya,हवाई,havAI,1
Chhattisgarhi,घलो,ghalo,खालो,khAlo,1
Chhattisgarhi,किस,kisa,कुछ,kuCha,1
Chhattisgarhi,उड़,u.Da,उडला,uDalA,1
Chhattisgarhi,चीज,chIja,कुछ,kuCha,1
Chhattisgarhi,वदान,vadAna,उधान,udhAna,1
Chhattisgarhi,उराहि,urAhi,रही,rahI,1
Chhattisgarhi,ह,ha,हवे,have,1
Chhattisgarhi,जिओ,jio,जीवों,jIvoM,1
Chhattisgarhi,वुलाब,vulAba,उलाव,ulAva,1
Chhattisgarhi,इहरे,ihare,एहरा,eharA,1
Chhattisgarhi,फूल,phUla,पुरुष,puruSha,1
Chhattisgarhi,इसमे,isame,में,meM,1
Chhattisgarhi,एहे,ehe,है,hai,1
Chhattisgarhi,फोड़थे,pho.Dathe,पोरथे,porathe,1
Chhattisgarhi,सुघ्घर,sughghara,सुगर,sugara,1
Chhattisgarhi,ढेर,Dhera,हे,he,1
Chhattisgarhi,इस,isa,ये,ye,1
Chhattisgarhi,ओमे,ome,मैं,maiM,1
Chhattisgarhi,जहाँ,jahA.N,जन,jana,1
Chhattisgarhi,मानत,mAnata,मनात,manAta,1
Chhattisgarhi,आ,A,आता,AtA,1
Chhattisgarhi,आवर,Avara,वावर,vAvara,1
Chhattisgarhi,हावय,hAvaya,हुए,hue,1
Chhattisgarhi,ओहर,ohara,ह,ha,1
Chhattisgarhi,के,ke,में,meM,1
Chhattisgarhi,म,ma,वहाँ,vahA.N,1
Chhattisgarhi,अच्छा,achChA,छो,Cho,1
Chhattisgarhi,एमे,eme,मेर,mera,1
Chhattisgarhi,यहाँँ,yahA.N.N,इहा,ihA,1
Chhattisgarhi,ओहा,ohA,वोह,voha,1
Chhattisgarhi,यह,yaha,इहा,ihA,1
Chhattisgarhi,पहाड़ी,pahA.DI,पानी,pAnI,1
Chhattisgarhi,यहाँ,yahA.N,एहा,ehA,1
Chhattisgarhi,नदिया,nadiyA,नंजे,naMje,1
Chhattisgarhi,होवत,hovata,हुआ,huA,1
Chhattisgarhi,डाहन,DAhana,धनी,dhanI,1
Chhattisgarhi,है,hai,हेमा,hemA,1
Chhattisgarhi,ओमा,omA,म,ma,1
Chhattisgarhi,हेवय,hevaya,होय,hoya,1
Chhattisgarhi,बड़,ba.Da,पर,para,1
Chhattisgarhi,मछरी,maCharI,पचरी,pacharI,1
Chhattisgarhi,हेवय,hevaya,हवाएं,havAeM,1
Chhattisgarhi,मॉल,maॉla,माल्स,mAlsa,1
Chhattisgarhi,खेलाइयया,khelAiyayA,खिलैया,khilaiyA,1
Chhattisgarhi,उर,ura,वोर,vora,1
Chhattisgarhi,हावे,hAve,हो,ho,1
Chhattisgarhi,की,kI,देखिये,dekhiye,1
Chhattisgarhi,हावे,hAve,हे,he,1
Chhattisgarhi,डाहन,DAhana,ढाल,DhAla,1
Chhattisgarhi,सी_ए,sI_e,ये,ye,1
Chhattisgarhi,यंहा,yaMhA,यहां,yahAM,1
Chhattisgarhi,व्यीसी,vyIsI,वैसी,vaisI,1
Chhattisgarhi,ल,la,का,kA,1
Chhattisgarhi,हईल,haIla,हाइल,hAila,1
Chhattisgarhi,हवे,have,भी,bhI,1
Chhattisgarhi,रथे,rathe,र,ra,1
Chhattisgarhi,एहि,ehi,ही,hI,1
Chhattisgarhi,थय,thaya,ह,ha,1
Chhattisgarhi,काट,kATa,कर,kara,1
Chhattisgarhi,यहां,yahAM,यह,yaha,1
Chhattisgarhi,हेवय,hevaya,है,hai,1
Chhattisgarhi,मंदिर,maMdira,नदी,nadI,1
Chhattisgarhi,लोहा,lohA,लवा,lavA,1
Chhattisgarhi,पीकर,pIkara,पिक्चर,pikchara,1
Chhattisgarhi,वोड,voDa,वर्ड,varDa,1
Chhattisgarhi,तेहा,tehA,तीन,tIna,1
Chhattisgarhi,अबड़,aba.Da,बड़ा,ba.DA,1
Chhattisgarhi,ईशु,Ishu,यीशु,yIshu,1
Chhattisgarhi,से,se,सिर्फ,sirpha,1
Chhattisgarhi,हावे,hAve,हरे,hare,1
Chhattisgarhi,मन,mana,है,hai,1
Chhattisgarhi,ए,e,पी,pI,1
Chhattisgarhi,घलो,ghalo,घर,ghara,1
Chhattisgarhi,अउ,au,एवं,evaM,1
Chhattisgarhi,एथाने,ethAne,इतने,itane,1
Chhattisgarhi,के,ke,ही,hI,1
Chhattisgarhi,बनाइसे,banAise,बनाए,banAe,1
Chhattisgarhi,दुय,duya,दो,do,1
Chhattisgarhi,हावै,hAvai,हवे,have,1
Chhattisgarhi,ने,ne,में,meM,1
Chhattisgarhi,बीती,bItI,विथ,vitha,1
Chhattisgarhi,यह,yaha,एक,eka,1
Chhattisgarhi,एमे,eme,मैं,maiM,1
Chhattisgarhi,हो,ho,और,aura,1
Chhattisgarhi,पर,para,बार,bAra,1
Chhattisgarhi,एमे,eme,में,meM,1
Chhattisgarhi,सकथव,sakathava,सकता,sakatA,1
Chhattisgarhi,मेजा,mejA,बेच,becha,1
Chhattisgarhi,सख्त,sakhta,सकते,sakate,1
Chhattisgarhi,अनेक,aneka,अन्य,anya,1
Chhattisgarhi,वहड़,vaha.Da,वहाँ,vahA.N,1
Chhattisgarhi,वस,vasa,और,aura,1
Chhattisgarhi,अब्बड़,abba.Da,बड़ा,ba.DA,1
Chhattisgarhi,ट्रेंड,TreMDa,तेन,tena,1
Chhattisgarhi,आऊ,AU,अउ,au,1
Chhattisgarhi,घीसल,ghIsala,फिसल,phisala,1
Chhattisgarhi,थर्ड,tharDa,राइट,rAiTa,1
Chhattisgarhi,बस,basa,जैसे,jaise,1
Chhattisgarhi,जइसे,jaise,जैसा,jaisA,1
Chhattisgarhi,पूल,pUla,पूरा,pUrA,1
Chhattisgarhi,गन्दा,gandA,जंगा,jaMgA,1
Chhattisgarhi,छूला,ChUlA,उला,ulA,1
Chhattisgarhi,ठी,ThI,हे,he,1
Chhattisgarhi,थाहे,thAhe,है,hai,1
Chhattisgarhi,हा,hA,यहाँ,yahA.N,1
Chhattisgarhi,मंद,maMda,मन,mana,1
Chhattisgarhi,आहा,AhA,यहाँ,yahA.N,1
Chhattisgarhi,मिला,milA,लीला,lIlA,1
Chhattisgarhi,एेकर,eekara,का,kA,1
Chhattisgarhi,खातिर,khAtira,खथिन,khathina,1
Chhattisgarhi,खातिर,khAtira,खती,khatI,1
Chhattisgarhi,होगा,hogA,हवे,have,1
Chhattisgarhi,एडीओ,eDIo,वीडियो,vIDiyo,1
Chhattisgarhi,ल,la,लोग,loga,1
Chhattisgarhi,ली,lI,हे,he,1
Chhattisgarhi,इहि,ihi,यही,yahI,1
Chhattisgarhi,आहय,Ahaya,है,hai,1
Chhattisgarhi,वंग,vaMga,मन,mana,1
Chhattisgarhi,मन,mana,उम्म,umma,1
Chhattisgarhi,अहय,ahaya,है,hai,1
Chhattisgarhi,कचा,kachA,काट,kATa,1
Chhattisgarhi,ही,hI,इस,isa,1
Chhattisgarhi,अब,aba,और,aura,1
Chhattisgarhi,भईया,bhaIyA,यह,yaha,1
Chhattisgarhi,जच,jacha,अच्छा,achChA,1
Chhattisgarhi,लोग,loga,बिल्डिंग,bilDiMga,1
Chhattisgarhi,है,hai,लगे,lage,1
Chhattisgarhi,एको,eko,के,ke,1
Chhattisgarhi,हलाम,halAma,अलार्म,alArma,1
Chhattisgarhi,घे,ghe,है,hai,1
Chhattisgarhi,और,aura,पूरा,pUrA,1
Chhattisgarhi,होवे,hove,हो,ho,1
Chhattisgarhi,सरकारी,sarakArI,सारे,sAre,1
Chhattisgarhi,कुछ,kuCha,कोई,koI,1
Chhattisgarhi,मतबल,matabala,मतलब,matalaba,1
Chhattisgarhi,अउ,au,ऊ,U,1
Chhattisgarhi,पिए,pie,पिये,piye,1
Chhattisgarhi,साई,sAI,सही,sahI,1
Chhattisgarhi,एंव,eMva,एवं,evaM,1
Chhattisgarhi,डान,DAna,डांग,DAMga,1
Chhattisgarhi,उह,uha,ओ,o,1
Chhattisgarhi,हे,he,दिखते,dikhate,1
Chhattisgarhi,एकझन,ekajhana,इझन,ijhana,1
Chhattisgarhi,उलत,ulata,बुलात,bulAta,1
Chhattisgarhi,पड़ी,pa.DI,बनी,banI,1
Chhattisgarhi,सुविधा,suvidhA,सीधा,sIdhA,1
Chhattisgarhi,ओहा,ohA,वह,vaha,1
Chhattisgarhi,पोसग,posaga,पोशाक,poshAka,1
Chhattisgarhi,भी,bhI,कि,ki,1
Chhattisgarhi,जेहा,jehA,चेह,cheha,1
Chhattisgarhi,सकथे,sakathe,सक,saka,1
Chhattisgarhi,थाने,thAne,तन,tana,1
Chhattisgarhi,टाकिस,TAkisa,टाकीज़,TAkIza,1
Chhattisgarhi,ठो,Tho,सफेद,sapheda,1
Chhattisgarhi,भावर,bhAvara,घर,ghara,1
Chhattisgarhi,बिसल,bisala,विशाल,vishAla,1
Chhattisgarhi,उतरे,utare,उधर,udhara,1
Chhattisgarhi,आघू,AghU,आगे,Age,1
Chhattisgarhi,सरे,sare,सारी,sArI,1
Chhattisgarhi,गयी,gayI,रही,rahI,1
Chhattisgarhi,एकर,ekara,इधर,idhara,1
Chhattisgarhi,घलो,ghalo,घोल,ghola,1
Chhattisgarhi,मन,mana,बना,banA,1
Chhattisgarhi,घलो,ghalo,खेलो,khelo,1
Chhattisgarhi,हावे,hAve,हम,hama,1
Chhattisgarhi,आदमी,AdamI,आदमियों,AdamiyoM,1
Chhattisgarhi,बनाइक,banAika,मनई,manaI,1
Chhattisgarhi,अ,a,एक,eka,1
Chhattisgarhi,ठिन,Thina,ठे,The,1
Chhattisgarhi,इहा,ihA,ये,ye,1
Chhattisgarhi,मे,me,किलो,kilo,1
Chhattisgarhi,एसन,esana,ऐसा,aisA,1
Chhattisgarhi,वहां,vahAM,गोहा,gohA,1
Chhattisgarhi,करा|,karA|,कर,kara,1
Chhattisgarhi,घलो,ghalo,घरू,gharU,1
Chhattisgarhi,उर्ड,urDa,वोट,voTa,1
Chhattisgarhi,म,ma,बा,bA,1
Chhattisgarhi,वानी,vAnI,में,meM,1
Chhattisgarhi,एक,eka,ये,ye,1
Chhattisgarhi,दिक,dika,दिक्कत,dikkata,1
Chhattisgarhi,देवेला,develA,दोनाना,donAnA,1
Chhattisgarhi,सबके,sabake,सब,saba,1
Chhattisgarhi,चन,chana,चन्द,chanda,1
Chhattisgarhi,अच्छा,achChA,सुन्दर,sundara,1
Chhattisgarhi,और,aura,रो,ro,1
Chhattisgarhi,पाये,pAye,पाए,pAe,1
Chhattisgarhi,बन,bana,अपन,apana,1
Chhattisgarhi,दी,dI,दिए,die,1
Chhattisgarhi,वाला,vAlA,बोलले,bolale,1
Chhattisgarhi,वाला,vAlA,होला,holA,1
Chhattisgarhi,लगा,lagA,नग,naga,1
Chhattisgarhi,परो,paro,बारे,bAre,1
Chhattisgarhi,एमा,emA,में,meM,1
Chhattisgarhi,खुद,khuda,ऊपर,Upara,1
Chhattisgarhi,जाम,jAma,जावे,jAve,1
Chhattisgarhi,ऐ,ai,एवं,evaM,1
Chhattisgarhi,बै,bai,बैंक,baiMka,1
Chhattisgarhi,हवय,havaya,है,hai,1
Chhattisgarhi,ठन,Thana,ठंड,ThaMDa,1
Chhattisgarhi,जन,jana,जहां,jahAM,1
Chhattisgarhi,ह,ha,में,meM,1
Chhattisgarhi,गए,gae,के,ke,1
Chhattisgarhi,असन,asana,छन,Chana,1
Chhattisgarhi,सारा,sArA,सा,sA,1
Chhattisgarhi,ई,I,हे,he,1
Chhattisgarhi,एंड,eMDa,उडे,uDe,1
Chhattisgarhi,लाये,lAye,लगा,lagA,1
Chhattisgarhi,थोड़ा,tho.DA,सूरज,sUraja,1
Chhattisgarhi,कलर,kalara,गलत,galata,1
Chhattisgarhi,वुल,vula,उल,ula,1
Chhattisgarhi,डाहन,DAhana,धन,dhana,1
Chhattisgarhi,किंग,kiMga,की,kI,1
Chhattisgarhi,होथे,hothe,होती,hotI,1
Chhattisgarhi,हवय,havaya,व,va,1
Chhattisgarhi,धवा,dhavA,डब्बा,DabbA,1
Chhattisgarhi,ओकर,okara,उखरे,ukhare,1
Chhattisgarhi,उंट,uMTa,वेंट,veMTa,1
Chhattisgarhi,चीना,chInA,चिन्हा,chinhA,1
Chhattisgarhi,हे,he,गये,gaye,1
Chhattisgarhi,जिहा,jihA,यहाँ,yahA.N,1
Chhattisgarhi,पमलेट्स,pamaleTsa,पाम्पलेट,pAmpaleTa,1
Chhattisgarhi,ठी,ThI,छे,Che,1
Chhattisgarhi,जे,je,दिन,dina,1
Chhattisgarhi,बईथे,baIthe,बैठे,baiThe,1
Chhattisgarhi,जेकर,jekara,जगह,jagaha,1
Chhattisgarhi,टाइप,TAipa,धन,dhana,1
Chhattisgarhi,ले,le,है,hai,1
Chhattisgarhi,दे,de,तो,to,1
Chhattisgarhi,जान,jAna,जो,jo,1
Chhattisgarhi,फिक्का,phikkA,फीका,phIkA,1
Chhattisgarhi,भी,bhI,में,meM,1
Chhattisgarhi,म,ma,वा,vA,1
Chhattisgarhi,वंहा,vaMhA,वहाँ,vahA.N,1
Chhattisgarhi,बुद्ध,buddha,बुत,buta,1
Chhattisgarhi,उजा,ujA,वूजा,vUjA,1
Chhattisgarhi,अपन,apana,पण,paNa,1
Chhattisgarhi,हय,haya,हवे,have,1
Chhattisgarhi,गणेश,gaNesha,मनेश,manesha,1
Chhattisgarhi,जैसे,jaise,हैं,haiM,1
Chhattisgarhi,डाहन,DAhana,ढानो,DhAno,1
Chhattisgarhi,ह,ha,यहाँ,yahA.N,1
Chhattisgarhi,ह,ha,का,kA,1
Chhattisgarhi,ह,ha,वहाँ,vahA.N,1
Chhattisgarhi,उरशूल,urashUla,ईशू,IshU,1
Chhattisgarhi,वंटि,vaMTi,घंटी,ghaMTI,1
Chhattisgarhi,इनास,inAsa,इंसान,iMsAna,1
Chhattisgarhi,ओकर,okara,औ,au,1
Chhattisgarhi,हवे,have,हुए,hue,1
Chhattisgarhi,कान,kAna,शाद,shAda,1
Chhattisgarhi,ओहा,ohA,हवा,havA,1
Chhattisgarhi,कम्प्लैन,kamplaina,कंप्लेंट,kaMpleMTa,1
Chhattisgarhi,पाही,pAhI,पाई,pAI,1
Chhattisgarhi,होवा,hovA,हुआ,huA,1
Chhattisgarhi,विलदिड,viladiDa,विल्डिंग,vilDiMga,1
Chhattisgarhi,सजे,saje,ये,ye,1
Chhattisgarhi,वासटल,vAsaTala,हॉस्टल,haॉsTala,1
Chhattisgarhi,वह,vaha,बस,basa,1
Chhattisgarhi,बोस,bosa,पोस्ट,posTa,1
Chhattisgarhi,मायी,mAyI,माई,mAI,1
Chhattisgarhi,बाहर,bAhara,बहुत,bahuta,1
Chhattisgarhi,अओ,ao,आऊ,AU,1
Chhattisgarhi,तमहु,tamahu,समूह,samUha,1
Chhattisgarhi,झन,jhana,हैं,haiM,1
Chhattisgarhi,तहि,tahi,ही,hI,1
Chhattisgarhi,जबर,jabara,जावर,jAvara,1
Chhattisgarhi,खाये,khAye,खाई,khAI,1
Chhattisgarhi,एला,elA,येला,yelA,1
Chhattisgarhi,किये,kiye,किए,kie,1
Chhattisgarhi,जेमा,jemA,जिम,jima,1
Chhattisgarhi,हॆवे,hève,हे,he,1
Chhattisgarhi,जिला,jilA,झीला,jhIlA,1
Chhattisgarhi,प,pa,पत्ता,pattA,1
Chhattisgarhi,एकनि,ekani,कनी,kanI,1
Chhattisgarhi,म,ma,माओ,mAo,1
Chhattisgarhi,मतलब,matalaba,मल्ला,mallA,1
Chhattisgarhi,एला,elA,कि,ki,1
Chhattisgarhi,हिटो,hiTo,ईंटों,IMToM,1
Chhattisgarhi,आहे,Ahe,है,hai,1
Chhattisgarhi,रहाय,rahAya,रहे,rahe,1
Chhattisgarhi,रहाय,rahAya,रहें,raheM,1
Chhattisgarhi,बैग,baiga,बाइक,bAika,1
Chhattisgarhi,करे,kare,कचरा,kacharA,1
Chhattisgarhi,और,aura,यार,yAra,1
Chhattisgarhi,उ,u,वो,vo,1
Chhattisgarhi,में,meM,भी,bhI,1
Chhattisgarhi,राखए,rAkhae,रखा,rakhA,1
Chhattisgarhi,हे,he,हावे,hAve,1
Chhattisgarhi,जोनला,jonalA,जो,jo,1
Chhattisgarhi,के,ke,है,hai,1
Chhattisgarhi,एमा,emA,दिमाग,dimAga,1
Chhattisgarhi,हावय,hAvaya,हमें,hameM,1
Chhattisgarhi,वह,vaha,वहाँ,vahA.N,1
Chhattisgarhi,अइसे,aise,ऐसी,aisI,1
Chhattisgarhi,आईसे,AIse,से,se,1
Chhattisgarhi,छि,Chi,छींट,ChIMTa,1
Chhattisgarhi,दुय,duya,कई,kaI,1
Chhattisgarhi,बन,bana,बैड,baiDa,1
Chhattisgarhi,ये,ye,इन,ina,1
Chhattisgarhi,कलर,kalara,रंग,raMga,1
Chhattisgarhi,एमा,emA,माम,mAma,1
Chhattisgarhi,बढ़िया,ba.DhiyA,बड़े,ba.De,1
Chhattisgarhi,अचार,achAra,अच्छा,achChA,1
Chhattisgarhi,पैशन,paishana,पायसन,pAyasana,1
Chhattisgarhi,यह,yaha,स्टोरेज,sToreja,1
Chhattisgarhi,छत्त,Chatta,छत,Chata,1
Chhattisgarhi,फरफटी,pharaphaTI,फरपट्टे,pharapaTTe,1
Chhattisgarhi,सीधे,sIdhe,सुविधा,suvidhA,1
Chhattisgarhi,रईथे,raIthe,रहते,rahate,1
Chhattisgarhi,और,aura,अब,aba,1
Chhattisgarhi,ठो,Tho,ठेन,Thena,1
Chhattisgarhi,सिंग,siMga,सीन,sIna,1
Chhattisgarhi,वाइल्स,vAilsa,वाइज,vAija,1
Chhattisgarhi,के,ke,बा,bA,1
Chhattisgarhi,एखर,ekhara,एक,eka,1
Chhattisgarhi,अअअ,aaa,और,aura,1
Chhattisgarhi,हावे,hAve,आवे,Ave,1
Chhattisgarhi,पीछू,pIChU,पिसू,pisU,1
Chhattisgarhi,एन,ena,यानि,yAni,1
Chhattisgarhi,एकगो,ekago,वो,vo,1
Chhattisgarhi,का,kA,क्या,kyA,1
Chhattisgarhi,उसका,usakA,का,kA,1
Chhattisgarhi,हे,he,यहाँ,yahA.N,1
Chhattisgarhi,झोक,jhoka,झुका,jhukA,1
Chhattisgarhi,ओकर,okara,कुकर,kukara,1
Chhattisgarhi,आइड,AiDa,आई,AI,1
Chhattisgarhi,सेलून,selUna,सेलिंग,seliMga,1
Chhattisgarhi,हुये,huye,हुए,hue,1
Chhattisgarhi,छिचते,Chichate,खींचते,khIMchate,1
Chhattisgarhi,झी,jhI,चार,chAra,1
Chhattisgarhi,कथे,kathe,कहते,kahate,1
Chhattisgarhi,दी,dI,दिख,dikha,1
Chhattisgarhi,चड़ीहा,cha.DIhA,चढ़िया,cha.DhiyA,1
Chhattisgarhi,येति,yeti,एति,eti,1
Chhattisgarhi,दिखथे,dikhathe,हे,he,1
Chhattisgarhi,बॉस,baॉsa,बांस,bAMsa,1
Chhattisgarhi,सुघर,sughara,सुग,suga,1
Chhattisgarhi,वोकर,vokara,ओखर,okhara,1
Chhattisgarhi,ईहा,IhA,एहर,ehara,1
Chhattisgarhi,यही,yahI,ये,ye,1
Chhattisgarhi,ठी,ThI,छः,ChaH,1
Chhattisgarhi,कसिओ,kasio,केसियो,kesiyo,1
Chhattisgarhi,बनाथ,banAtha,बने,bane,1
Chhattisgarhi,दिखत,dikhata,लगात,lagAta,1
Chhattisgarhi,उईरा,uIrA,वैरा,vairA,1
Chhattisgarhi,बग़रा,baGarA,वगैरह,vagairaha,1
Chhattisgarhi,अऊ,aU,माऊ,mAU,1
Chhattisgarhi,सिस,sisa,शीश,shIsha,1
Chhattisgarhi,हाउ,hAu,हव,hava,1
Chhattisgarhi,देत,deta,देहद,dehada,1
Maithili,हई,haI,हइदा,haidA,1
Maithili,आसाे,AsAe,आसु,Asu,1
Maithili,एमें,emeM,एगो,ego,1
Maithili,हुए,hue,हैं,haiM,1
Maithili,अधीक्षण,adhIkShaNa,अभिषन,abhiShana,1
Maithili,पीछे,pIChe,छे,Che,1
Maithili,भेलय,bhelaya,भले,bhale,1
Maithili,उला,ulA,वाला,vAlA,1
Maithili,ते,te,है,hai,1
Maithili,एकर,ekara,तका,takA,1
Maithili,कोड़,ko.Da,कर,kara,1
Maithili,इ,i,फिर,phira,1
Maithili,कपार,kapAra,कपड़,kapa.Da,1
Maithili,छीये,ChIye,छीन,ChIna,1
Maithili,भी,bhI,तलब,talaba,1
Maithili,बैलून,bailUna,बैनल,bainala,1
Maithili,आप,Apa,हाँ,hA.N,1
Maithili,के,ke,जो,jo,1
Maithili,आबू,AbU,बाबू,bAbU,1
Maithili,जनाउ,janAu,जनो,jano,1
Maithili,लोग,loga,लुक्स,luksa,1
Maithili,भेले,bhele,पहले,pahale,1
Maithili,नीला,nIlA,उजला,ujalA,1
Maithili,ओनाइते,onAite,उन्हीते,unhIte,1
Maithili,ऐ,ai,आए,Ae,1
Maithili,ओता,otA,उत्ता,uttA,1
Maithili,घिचलोय,ghichaloya,घीचे,ghIche,1
Maithili,केता,ketA,तेरा,terA,1
Maithili,ई,I,फिर,phira,1
Maithili,बनैलकै,banailakai,बन,bana,1
Maithili,लिए,lie,लिया,liyA,1
Maithili,छत्त,Chatta,छत,Chata,1
Maithili,लगी,lagI,ले,le,1
Maithili,जैंस,jaiMsa,जेंट्स,jeMTsa,1
Maithili,यहा,yahA,जहाँ,jahA.N,1
Maithili,शर्ट,sharTa,शाइट,shAiTa,1
Maithili,हैं,haiM,हुई,huI,1
Maithili,कलर,kalara,रंग,raMga,1
Maithili,जीज,jIja,जो,jo,1
Maithili,वाइकिलस,vAikilasa,व्हीकल्स,vhIkalsa,1
Maithili,सहरसा,saharasA,समय,samaya,1
Maithili,एते,ete,इतना,itanA,1
Maithili,जेना,jenA,चना,chanA,1
Maithili,वाला,vAlA,अगर,agara,1
Maithili,जाम,jAma,धम,dhama,1
Maithili,ए,e,कोई,koI,1
Maithili,अलुहा,aluhA,हलवा,halavA,1
Maithili,प्यारा,pyArA,सुहाना,suhAnA,1
Maithili,इ,i,के,ke,1
Maithili,वुजा,vujA,उजा,ujA,1
Maithili,डिज़ाइन,DizAina,है,hai,1
Maithili,पीयर,pIyara,प्रिय,priya,1
Maithili,स्टेशन,sTeshana,स्टैंड,sTaiMDa,1
Maithili,बृछ,bRRiCha,ब्रिज,brija,1
Maithili,वागरण,vAgaraNa,वगैरह,vagairaha,1
Maithili,उला,ulA,हुआ,huA,1
Maithili,एही,ehI,यहीं,yahIM,1
Maithili,हमहुँ,hamahu.N,हम,hama,1
Maithili,ऐयम,aiyama,एमा,emA,1
Maithili,दंड,daMDa,दल,dala,1
Maithili,एकटा,ekaTA,का,kA,1
Maithili,एकटा,ekaTA,एक,eka,1
Maithili,लगाए,lagAe,लगे,lage,1
Maithili,बढियाँ,baDhiyA.N,बड़े,ba.De,1
Maithili,जेकरा,jekarA,जगह,jagaha,1
Maithili,होइ,hoi,ही,hI,1
Maithili,है,hai,का,kA,1
Maithili,एक,eka,के,ke,1
Maithili,लेन,lena,लाइन,lAina,1
Maithili,छै,Chai,छेद,Cheda,1
Maithili,देका,dekA,देख,dekha,1
Maithili,ऐंग,aiMga,आ,A,1
Maithili,कसला,kasalA,कचरा,kacharA,1
Maithili,अति,ati,तीस,tIsa,1
Maithili,काएल,kAela,कैल,kaila,1
Maithili,उ,u,कु,ku,1
Maithili,ऊजरा,UjarA,उजला,ujalA,1
Maithili,ईटा,ITA,इत्ता,ittA,1
Maithili,बिस,bisa,भी,bhI,1
Maithili,चैन,chaina,जेनरल,jenarala,1
Maithili,फिंदे,phiMde,पहने,pahane,1
Maithili,हेय,heya,हाथ,hAtha,1
Maithili,अमरूद,amarUda,अमदुर,amadura,1
Maithili,हेयजे,heyaje,है,hai,1
Maithili,उन्स,unsa,वांस,vAMsa,1
Maithili,दाएय,dAeya,दे,de,1
Maithili,लाक,lAka,लेकर,lekara,1
Maithili,लोग,loga,छे,Che,1
Maithili,बड़ौदा,ba.DaudA,बरोदा,barodA,1
Maithili,आगे,Age,आ,A,1
Maithili,सिंघ,siMgha,सीन,sIna,1
Maithili,पे,pe,बहु,bahu,1
Maithili,निकला,nikalA,लिखल,likhala,1
Maithili,उकटर,ukaTara,पे,pe,1
Maithili,अथी,athI,अच्छी,achChI,1
Maithili,बाहर,bAhara,बाद,bAda,1
Maithili,दो,do,सौ,sau,1
Maithili,अथी,athI,के,ke,1
Maithili,एकरो,ekaro,कर,kara,1
Maithili,पिनलोह,pinaloha,पिल्लो,pillo,1
Maithili,होय,hoya,हुई,huI,1
Maithili,बॉटल्स,baॉTalsa,बोतल,botala,1
Maithili,जो,jo,भी,bhI,1
Maithili,घे,ghe,गेरल,gerala,1
Maithili,इस,isa,इससे,isase,1
Maithili,बुद्ध,buddha,बहुत,bahuta,1
Maithili,नाहित,nAhita,नहींत,nahIMta,1
Maithili,अगर,agara,गर्मीपन,garmIpana,1
Maithili,वहाँ,vahA.N,यह,yaha,1
Maithili,स्कूटी,skUTI,किसी,kisI,1
Maithili,बेग्र,begra,बैकग्राउंड,baikagrAuMDa,1
Maithili,वो,vo,और,aura,1
Maithili,फर्श,pharsha,बस,basa,1
Maithili,डोल,Dola,लोड,loDa,1
Maithili,उद्योगी,udyogI,औषधि,auShadhi,1
Maithili,ही,hI,ये,ye,1
Maithili,वेगेरा,vegerA,वगैरह,vagairaha,1
Maithili,पिन्हे,pinhe,पहने,pahane,1
Maithili,मजदूर,majadUra,माइदर,mAidara,1
Maithili,खड़ा,kha.DA,रखा,rakhA,1
Maithili,अढ़ाई,a.DhAI,आढ़,A.Dha,1
Maithili,रा,rA,हर,hara,1
Maithili,बढ़,ba.Dha,बड़ा,ba.DA,1
Maithili,उजर,ujara,नीचा,nIchA,1
Maithili,ऊंचा,UMchA,सा,sA,1
Maithili,बिछैएल,biChaiela,बिछाये,biChAye,1
Maithili,तल्ला,tallA,तलाक,talAka,1
Maithili,में,meM,है,hai,1
Maithili,हउ,hau,हवा,havA,1
Maithili,सर,sara,सारा,sArA,1
Maithili,गाओ,gAo,गाँव,gA.Nva,1
Maithili,वूल,vUla,उल,ula,1
Maithili,भाईट,bhAITa,व्हाइट,vhAiTa,1
Maithili,शर्ट,sharTa,साइट,sAiTa,1
Maithili,पोहदे,pohade,पौधे,paudhe,1
Maithili,ट्री,TrI,चीरी,chIrI,1
Maithili,ओकर,okara,ओखुर,okhura,1
Maithili,केहन,kehana,गहन,gahana,1
Maithili,नदी,nadI,पुल,pula,1
Maithili,उने,une,एन,ena,1
Maithili,छी,ChI,जो,jo,1
Maithili,हीके,hIke,हो,ho,1
Maithili,वृक्ष,vRRikSha,वृच,vRRicha,1
Maithili,छथीन,ChathIna,छत्तीन,ChattIna,1
Maithili,ओकरा,okarA,उगरा,ugarA,1
Maithili,आय,Aya,आहा,AhA,1
Maithili,पिछु,piChu,पीछू,pIChU,1
Maithili,लागे,lAge,लगई,lagaI,1
Maithili,फूका,phUkA,ठुकारा,ThukArA,1
Maithili,हीको,hIko,को,ko,1
Maithili,वुत्ति,vutti,उत्ती,uttI,1
Maithili,हो,ho,होता,hotA,1
Maithili,पीछे,pIChe,छै,Chai,1
Maithili,इनो,ino,इनवा,inavA,1
Maithili,बेल्ट,belTa,बेड,beDa,1
Maithili,हिंच,hiMcha,खींच,khIMcha,1
Maithili,ये,ye,देख,dekha,1
Maithili,खुशियाँ,khushiyA.N,कुर्सियां,kursiyAM,1
Maithili,अंदर,aMdara,वगैरह,vagairaha,1
Maithili,तार,tAra,टायर,TAyara,1
Maithili,बंडल,baMDala,बंदर,baMdara,1
Maithili,रिबन,ribana,बैगन,baigana,1
Maithili,भीड़,bhI.Da,व्यू,vyU,1
Maithili,हन,hana,हैं,haiM,1
Maithili,गाड़ी,gA.DI,गोरी,gorI,1
Maithili,कटरा,kaTarA,कचड़ा,kacha.DA,1
Maithili,का,kA,थे,the,1
Maithili,छैय,Chaiya,चाई,chAI,1
Maithili,हिया,hiyA,यहाँ,yahA.N,1
Maithili,भईल,bhaIla,बेल,bela,1
Maithili,उटा,uTA,होता,hotA,1
Maithili,में,meM,पर,para,1
Maithili,कुछो,kuCho,कुचौ,kuchau,1
Maithili,आवई,AvaI,अवै,avai,1
Maithili,वे,ve,ओ,o,1
Maithili,खुद,khuda,फू,phU,1
Maithili,लागय,lAgaya,लगे,lage,1
Maithili,थीन,thIna,छतीन,ChatIna,1
Maithili,सुनसान,sunasAna,खून,khUna,1
Maithili,कठर,kaThara,कटहल,kaTahala,1
Maithili,शैमपुल,shaimapula,सेम्पूल,sempUla,1
Maithili,रहे,rahe,जाए,jAe,1
Maithili,कोबी,kobI,गोभी,gobhI,1
Maithili,यह,yaha,जो,jo,1
Maithili,के,ke,व्यक्ति,vyakti,1
Maithili,लगल,lagala,लगान,lagAna,1
Maithili,अथी,athI,चीज़,chIza,1
Maithili,क्रिसने,krisane,दृश्य,dRRishya,1
Maithili,बिखरे,bikhare,निकले,nikale,1
Maithili,दुकनवा,dukanavA,दुकान,dukAna,1
Maithili,सलुनवा,salunavA,सैलून,sailUna,1
Maithili,रहले,rahale,वगैरह,vagairaha,1
Maithili,तो,to,देखिये,dekhiye,1
Maithili,बैनर,bainara,बलून,balUna,1
Maithili,यंहा,yaMhA,यहाँ,yahA.N,1
Maithili,सब,saba,वा,vA,1
Maithili,उत,uta,उदी,udI,1
Maithili,की,kI,उत्ती,uttI,1
Maithili,वला,valA,बोला,bolA,1
Maithili,पीला,pIlA,ग्लास,glAsa,1
Maithili,उच्छ,uchCha,उछ,uCha,1
Maithili,बगल,bagala,गूगल,gUgala,1
Maithili,अंदर,aMdara,अधर,adhara,1
Maithili,और,aura,कोर,kora,1
Maithili,में,meM,का,kA,1
Maithili,देराल,derAla,दे,de,1
Maithili,वाला,vAlA,छा,ChA,1
Maithili,ओकर,okara,पकड़,paka.Da,1
Maithili,पानी,pAnI,पाइन,pAina,1
Maithili,ये,ye,पीने,pIne,1
Maithili,इसीलिए,isIlie,सीधे,sIdhe,1
Maithili,आदि,Adi,आधी,AdhI,1
Maithili,तरीके,tarIke,तरह,taraha,1
Maithili,टेंपूवा,TeMpUvA,टेम्पो,Tempo,1
Maithili,अथिये,athiye,अथी,athI,1
Maithili,ये,ye,एगो,ego,1
Maithili,हरी,harI,से,se,1
Maithili,एकठो,ekaTho,एक,eka,1
Maithili,गोपाल,gopAla,पान,pAna,1
Maithili,खु,khu,खूब,khUba,1
Maithili,देखने,dekhane,लेकिन,lekina,1
Maithili,आये,Aye,आए,Ae,1
Maithili,मुझे,mujhe,जो,jo,1
Maithili,बीचे,bIche,पीछे,pIChe,1
Maithili,वाला,vAlA,का,kA,1
Maithili,रहले,rahale,रही,rahI,1
Maithili,और,aura,फूड,phUDa,1
Maithili,मुछ,muCha,मोच,mocha,1
Maithili,बुड़बक,bu.Dabaka,बुरवाक,buravAka,1
Maithili,केवारी,kevArI,का,kA,1
Maithili,अभी,abhI,आदि,Adi,1
Maithili,उ,u,वही,vahI,1
Maithili,चोलो,cholo,चला,chalA,1
Maithili,ना,nA,नहीं,nahIM,1
Maithili,होंगे,hoMge,हैं,haiM,1
Maithili,सिंगार,siMgAra,श्रृंगार,shrRRiMgAra,1
Maithili,है,hai,हाई,hAI,1
Maithili,आप,Apa,हम,hama,1
Maithili,जो,jo,ये,ye,1
Maithili,पर|,para|,का,kA,1
Maithili,ऐ,ai,एक,eka,1
Maithili,तोड़त,to.Data,तोरई,toraI,1
Maithili,के,ke,में,meM,1
Maithili,ओन्ने,onne,उने,une,1
Maithili,पूस,pUsa,उस,usa,1
Maithili,है,hai,के,ke,1
Maithili,मिठाई,miThAI,मीठे,mIThe,1
Maithili,भैल,bhaila,हाल,hAla,1
Maithili,बैठल,baiThala,पेट्रोल,peTrola,1
Maithili,होवे,hove,हो,ho,1
Maithili,आते,Ate,आईपी,AIpI,1
Maithili,चकड़ी,chaka.DI,छतरी,ChatarI,1
Maithili,वेडिंग,veDiMga,बिल्डिंग,bilDiMga,1
Maithili,हियें,hiyeM,ने,ne,1
Maithili,भी,bhI,भाई,bhAI,1
Maithili,यहाँ,yahA.N,आया,AyA,1
Maithili,हरेक,hareka,अरे,are,1
Maithili,एकर,ekara,आयकर,Ayakara,1
Maithili,बेस्ट,besTa,बेच,becha,1
Maithili,छीये,ChIye,चाहिए,chAhie,1
Maithili,हमरा,hamarA,हम,hama,1
Maithili,होबे,hobe,हवे,have,1
Maithili,केथू,kethU,कैथो,kaitho,1
Maithili,हीए,hIe,जो,jo,1
Maithili,कते,kate,कित्ते,kitte,1
Maithili,लागययो,lAgayayo,लागू,lAgU,1
Maithili,है,hai,एक,eka,1
Maithili,रहल,rahala,रा,rA,1
Maithili,एतबे,etabe,इतने,itane,1
Maithili,बड़,ba.Da,भर,bhara,1
Maithili,छीये,ChIye,से,se,1
Maithili,उ,u,बऊ,baU,1
Maithili,तक,taka,टाइप,TAipa,1
Maithili,जेंट्स,jeMTsa,जींस,jIMsa,1
Maithili,नाव,nAva,नौ,nau,1
Maithili,कार,kAra,गाड़,gA.Da,1
Maithili,देखे,dekhe,दिखई,dikhaI,1
Maithili,पास,pAsa,बाद,bAda,1
Maithili,एकदम,ekadama,गा,gA,1
Maithili,पिन्हले,pinhale,पहनने,pahanane,1
Maithili,फैलैले,phailaile,फैनेने,phainene,1
Maithili,फर्श,pharsha,पैर,paira,1
Maithili,ओकरा,okarA,अपना,apanA,1
Maithili,पैर,paira,प्यार,pyAra,1
Maithili,बला,balA,वाला,vAlA,1
Maithili,एकना,ekanA,इतना,itanA,1
Maithili,रंग,raMga,आराम,ArAma,1
Maithili,से,se,छ,Cha,1
Maithili,और,aura,ओड,oDa,1
Maithili,छिए,Chie,अच्छे,achChe,1
Maithili,एहे,ehe,ये,ye,1
Maithili,अ,a,मैं,maiM,1
Maithili,कते,kate,तत्ते,tatte,1
Maithili,देल,dela,ले,le,1
Maithili,हम्मे,hamme,मै,mai,1
Maithili,अ,a,हमारा,hamArA,1
Maithili,खएलो,khaelo,खेलना,khelanA,1
Maithili,हमनी,hamanI,हम,hama,1
Maithili,रहे,rahe,संरे,saMre,1
Maithili,घूमे,ghUme,घुमा,ghumA,1
Maithili,त,ta,आता,AtA,1
Maithili,होय,hoya,है,hai,1
Maithili,तछलि,taChali,मछली,maChalI,1
Maithili,ओदे,ode,मुझे,mujhe,1
Maithili,उस,usa,उसमें,usameM,1
Maithili,आब,Aba,आवे,Ave,1
Maithili,छैइ,Chaii,छई,ChaI,1
Maithili,में,meM,हुए,hue,1
Maithili,उधर,udhara,उजला,ujalA,1
Maithili,ग्रे,gre,नीले,nIle,1
Maithili,बन,bana,बंद,baMda,1
Maithili,पर,para,पड़ा,pa.DA,1
Maithili,दो,do,बोर्ड,borDa,1
Maithili,टोतर,Totara,टोटल,ToTala,1
Maithili,सुखल,sukhala,सुपर,supara,1
Maithili,एहन,ehana,धन,dhana,1
Maithili,एक्सपर्ट,eksaparTa,स्पैट,spaiTa,1
Maithili,ब,ba,हुआ,huA,1
Maithili,रहे,rahe,देख,dekha,1
Maithili,यह,yaha,यहां,yahAM,1
Maithili,बूढ़ी,bU.DhI,पूरी,pUrI,1
Maithili,कड़ाही,ka.DAhI,तराजू,tarAjU,1
Maithili,जेते,jete,जितनी,jitanI,1
Maithili,फस,phasa,बैठ,baiTha,1
Maithili,छै,Chai,थे,the,1
Maithili,य,ya,है,hai,1
Maithili,घूरे,ghUre,घोड़े,gho.De,1
Maithili,गेने,gene,केला,kelA,1
Maithili,लेए,lee,ला,lA,1
Maithili,घूमे,ghUme,घुमहिले,ghumahile,1
Maithili,अरु,aru,और,aura,1
Maithili,देखे,dekhe,रखे,rakhe,1
Maithili,हमहु,hamahu,हमऊ,hamaU,1
Maithili,ले,le,जैसे,jaise,1
Maithili,काटे,kATe,कटै,kaTai,1
Maithili,आवे,Ave,आए,Ae,1
Maithili,तने,tane,इतना,itanA,1
Maithili,होइ,hoi,है,hai,1
Maithili,कंटोर,kaMTora,काउंटर,kAuMTara,1
Maithili,कोनो,kono,पौनो,pauno,1
Maithili,एक,eka,वो,vo,1
Maithili,बेर,bera,भर,bhara,1
Maithili,छै,Chai,छेन,Chena,1
Maithili,गाछ,gACha,घास,ghAsa,1
Maithili,काली,kAlI,शादी,shAdI,1
Maithili,सेटर,seTara,शटर,shaTara,1
Maithili,अवसर,avasara,सर,sara,1
Maithili,छै,Chai,छैयन,Chaiyana,1
Maithili,बोहोते,bohote,बहुत,bahuta,1
Maithili,जका,jakA,देखा,dekhA,1
Maithili,अथी,athI,आदि,Adi,1
Maithili,धडी,dhaDI,धरती,dharatI,1
Maithili,ओखरा,okharA,उखाड़ा,ukhA.DA,1
Maithili,देखी,dekhI,की,kI,1
Maithili,ठग,Thaga,थोड़ा,tho.DA,1
Maithili,होये,hoye,होई,hoI,1
Maithili,ऐतेक,aiteka,अतिक,atika,1
Maithili,देये,deye,दिए,die,1
Maithili,काठ,kATha,ताट,tATa,1
Maithili,ओकड़,oka.Da,ऊगर,Ugara,1
Maithili,बड़ी,ba.DI,बहुत,bahuta,1
Maithili,लेके,leke,लागे,lAge,1
Maithili,नए,nae,नहीं,nahIM,1
Maithili,सब,saba,साफ,sApha,1
Maithili,के,ke,तो,to,1
Maithili,हमहुं,hamahuM,हम,hama,1
Maithili,एते,ete,इतने,itane,1
Maithili,अतिरिक्त,atirikta,अत्यधिक,atyadhika,1
Maithili,देखईलकै,dekhaIlakai,के,ke,1
Maithili,अखन,akhana,अखला,akhalA,1
Maithili,आएख,Aekha,एक,eka,1
Maithili,लाएग,lAega,लग,laga,1
Maithili,रूपए,rUpae,रुपये,rupaye,1
Maithili,हमरा,hamarA,हमें,hameM,1
Maithili,महीना,mahInA,मेहनत,mehanata,1
Maithili,छीय,ChIya,छि,Chi,1
Maithili,ई,I,कि,ki,1
Maithili,वाला,vAlA,ब्ला,blA,1
Maithili,उधर,udhara,भार,bhAra,1
Maithili,कारण,kAraNa,कान,kAna,1
Maithili,घुमय,ghumaya,घूमे,ghUme,1
Maithili,ईहा,IhA,यह,yaha,1
Maithili,जदी,jadI,यदि,yadi,1
Maithili,आहां,AhAM,हा,hA,1
Maithili,गेलियो,geliyo,लिए,lie,1
Maithili,ओकरो,okaro,कुरू,kurU,1
Maithili,आएय,Aeya,आया,AyA,1
Maithili,ओकरा,okarA,वगरा,vagarA,1
Maithili,देखलिए,dekhalie,लकड़ी,laka.DI,1
Maithili,ओय,oya,ए,e,1
Maithili,आर,Ara,के,ke,1
Maithili,जौ,jau,जाओ,jAo,1
Maithili,लेबा,lebA,लवद,lavada,1
Maithili,हाई,hAI,है,hai,1
Maithili,एकता,ekatA,एक,eka,1
Maithili,छै,Chai,छिए,Chie,1
Maithili,बनेने,banene,बनी,banI,1
Maithili,मासु,mAsu,मसल,masala,1
Maithili,लोग,loga,लौ,lau,1
Maithili,नहीं,nahIM,ना,nA,1
Maithili,अय,aya,ए,e,1
Maithili,छै,Chai,जी,jI,1
Maithili,हेतिया,hetiyA,हे,he,1
Maithili,ओय,oya,वे,ve,1
Maithili,कने,kane,काना,kAnA,1
Maithili,गोरे,gore,कर,kara,1
Maithili,राख,rAkha,रैक,raika,1
Maithili,जोअ,joa,जाओ,jAo,1
Maithili,जायत,jAyata,जाए,jAe,1
Maithili,बनल,banala,बनाई,banAI,1
Maithili,लेइ,lei,लाई,lAI,1
Maithili,हिया,hiyA,है,hai,1
Maithili,किद,kida,किधर,kidhara,1
Maithili,यहां,yahAM,हम,hama,1
Maithili,आहा,AhA,हाँ,hA.N,1
Maithili,जायत,jAyata,जैत,jaita,1
Maithili,बहुत,bahuta,होत,hota,1
Maithili,ओकरा,okarA,पूरा,pUrA,1
Maithili,लागी,lAgI,लगे,lage,1
Maithili,मे,me,मैं,maiM,1
Maithili,एकरा,ekarA,का,kA,1
Maithili,तनो,tano,इतन,itana,1
Maithili,गाए,gAe,व्या,vyA,1
Maithili,छीये,ChIye,छै,Chai,1
Maithili,जखन,jakhana,एक,eka,1
Maithili,जाये,jAye,जाए,jAe,1
Maithili,यहाँ,yahA.N,तेना,tenA,1
Maithili,रहले,rahale,थे,the,1
Maithili,कपय,kapaya,कॉपी,kaॉpI,1
Maithili,रहे,rahe,थी,thI,1
Maithili,आपन,Apana,अपना,apanA,1
Maithili,हम्हू,hamhU,हमो,hamo,1
Maithili,छै,Chai,हैं,haiM,1
Maithili,छीये,ChIye,छी,ChI,1
Maithili,अहां,ahAM,हाथ,hAtha,1
Maithili,वाला,vAlA,भला,bhalA,1
Maithili,वाला,vAlA,बला,balA,1
Maithili,देखिलिय,dekhiliya,दखल,dakhala,1
Maithili,में,meM,नहीं,nahIM,1
Maithili,ओता,otA,उत्ते,utte,1
Maithili,एकर,ekara,के,ke,1
Maithili,देलक,delaka,दे,de,1
Maithili,आहां,AhAM,हमा,hamA,1
Maithili,हैते,haite,है,hai,1
Maithili,अ,a,या,yA,1
Maithili,एते,ete,इत्ती,ittI,1
Maithili,एकरा,ekarA,अगर,agara,1
Maithili,रहे,rahe,नहीं,nahIM,1
Maithili,काए,kAe,किया,kiyA,1
Maithili,के,ke,एक,eka,1
Maithili,एमे,eme,में,meM,1
Maithili,से,se,देख,dekha,1
Maithili,आ,A,बा,bA,1
Maithili,होई,hoI,है,hai,1
Maithili,वाला,vAlA,गोला,golA,1
Maithili,देलक,delaka,दल,dala,1
Maithili,गएल,gaela,के,ke,1
Maithili,जाए,jAe,जाये,jAye,1
Maithili,आ,A,आया,AyA,1
Maithili,करैएले,karaiele,करिल,karila,1
Maithili,एकदम,ekadama,तो,to,1
Maithili,काएल्हो,kAelho,कहलो,kahalo,1
Maithili,छीये,ChIye,चे,che,1
Maithili,भएर,bhaera,फेर,phera,1
Maithili,जेएते,jeete,जितने,jitane,1
Maithili,जे,je,लिए,lie,1
Maithili,एक,eka,का,kA,1
Maithili,बड़,ba.Da,पर,para,1
Maithili,बेर,bera,वे,ve,1
Maithili,जते,jate,जित्ते,jitte,1
Maithili,आ,A,यार,yAra,1
Maithili,बढ़िया,ba.DhiyA,बड़ा,ba.DA,1
Maithili,और,aura,सब,saba,1
Maithili,झाड़न,jhA.Dana,क्षारण,kShAraNa,1
Maithili,घूमे,ghUme,घुमै,ghumai,1
Maithili,काज,kAja,कांच,kAMcha,1
Maithili,जेकरा,jekarA,चक्र,chakra,1
Maithili,अच्छा,achChA,था,thA,1
Maithili,पीन्हे,pInhe,पिने,pine,1
Maithili,जे,je,उर्जे,urje,1
Maithili,मर,mara,मस्त,masta,1
Maithili,एकरा,ekarA,कब,kaba,1
Maithili,एन्जॉय,enjaॉya,इंज्वाय,iMjvAya,1
Maithili,घिंचबो,ghiMchabo,खीच,khIcha,1
Maithili,ईंट,IMTa,ईटा,ITA,1
Maithili,देखे,dekhe,दिखाई,dikhAI,1
Maithili,अ,a,है,hai,1
Maithili,एतवे,etave,इतने,itane,1
Maithili,दुइ,dui,दो,do,1
Maithili,छे,Che,सब,saba,1
Maithili,बिजलियों,bijaliyoM,बिजली,bijalI,1
Maithili,बड़ा,ba.DA,पास,pAsa,1
Maithili,एयर,eyara,चेयर,cheyara,1
Maithili,है,hai,बड़ा,ba.DA,1
Maithili,सब,saba,साइड,sAiDa,1
Maithili,सभी,sabhI,सारे,sAre,1
Maithili,छे,Che,ची,chI,1
Maithili,आर्थर,Arthara,अठारह,aThAraha,1
Maithili,बी,bI,बिल्डिंग,bilDiMga,1
Maithili,जोवन,jovana,जन,jana,1
Maithili,दुआर,duAra,द्वार,dvAra,1
Maithili,कइले,kaile,के,ke,1
Maithili,उड़एले,u.Daele,ओढैले,oDhaile,1
Maithili,लगएले,lagaele,लगाइने,lagAine,1
Maithili,बनल,banala,बनान,banAna,1
Maithili,छये,Chaye,छाई,ChAI,1
Maithili,आदमीओ,AdamIo,आदमियों,AdamiyoM,1
Maithili,ओनहु,onahu,ऊहु,Uhu,1
Maithili,और,aura,उस,usa,1
Maithili,उलाय,ulAya,वालाई,vAlAI,1
Maithili,बॉस,baॉsa,बांस,bAMsa,1
Maithili,उपरो,uparo,ऊपर,Upara,1
Maithili,ढकाल,DhakAla,डाकल,DAkala,1
Maithili,दिकतों,dikatoM,दिक्कत,dikkata,1
Maithili,और,aura,शर्ट,sharTa,1
Maithili,घर,ghara,गोर,gora,1
Maithili,होइ,hoi,हुई,huI,1
Maithili,फुटरी,phuTarI,स्कूटरी,skUTarI,1
Maithili,पिंहला,piMhalA,पहने,pahane,1
Maithili,पेन्हले,penhale,पहनने,pahanane,1
Maithili,अर,ara,यार,yAra,1
Maithili,पूरा,pUrA,कूड़ा,kU.DA,1
Maithili,अथि,athi,अच्छी,achChI,1
Maithili,देखियो,dekhiyo,देखी,dekhI,1
Maithili,साजल,sAjala,चार्जर,chArjara,1
Maithili,दुभी,dubhI,दूधी,dUdhI,1
Maithili,और,aura,अरे,are,1
Maithili,नीमन,nImana,निमल,nimala,1
Maithili,देखीं,dekhIM,देखिये,dekhiye,1
Maithili,बादल,bAdala,भरल,bharala,1
Maithili,छे|,Che|,छै,Chai,1
Maithili,अथी,athI,हाथी,hAthI,1
Maithili,खाए,khAe,खाने,khAne,1
Maithili,सी,sI,ई,I,1
Maithili,करले,karale,करन,karana,1
Maithili,कौने,kaune,कनो,kano,1
Maithili,एतेक,eteka,एक,eka,1
Maithili,सिडिया,siDiyA,सीढ़ियां,sI.DhiyAM,1
Maithili,नि,ni,नहीं,nahIM,1
Maithili,सुनसान,sunasAna,सुन,suna,1
Maithili,काला,kAlA,कलर,kalara,1
Maithili,बढ़िया,ba.DhiyA,बना,banA,1
Maithili,कॉपी,kaॉpI,काफी,kAphI,1
Maithili,पूरा,pUrA,पुरे,pure,1
Maithili,हम,hama,आप,Apa,1
Maithili,जैसे,jaise,देखिये,dekhiye,1
Maithili,डेस,Desa,डैश,Daisha,1
Maithili,मैएट,maieTa,माइट,mAiTa,1
Maithili,दूनू,dUnU,दुन्नू,dunnU,1
Maithili,पिए,pie,पीये,pIye,1
Maithili,इम्मे,imme,एमे,eme,1
Maithili,उ,u,और,aura,1
Maithili,कर,kara,करवा,karavA,1
Maithili,खड़ा,kha.DA,खार,khAra,1
Maithili,के,ke,गए,gae,1
Maithili,सदर,sadara,सिविल,sivila,1
Maithili,एता,etA,इतना,itanA,1
Maithili,ऐना,ainA,तेना,tenA,1
Maithili,उजा,ujA,वूजा,vUjA,1
Maithili,बहुत,bahuta,इतना,itanA,1
Maithili,अइलख,ailakha,आइलक,Ailaka,1
Maithili,छथी,ChathI,छत,Chata,1
Maithili,बहुत,bahuta,वो,vo,1
Maithili,इतने,itane,एक,eka,1
Maithili,काफी,kAphI,बहुत,bahuta,1
Maithili,म,ma,है,hai,1
Maithili,सायं,sAyaM,शयन,shayana,1
Maithili,एकरो,ekaro,एक,eka,1
Maithili,है,hai,रे,re,1
Maithili,होइ,hoi,हे,he,1
Maithili,ईटा,ITA,इटार,iTAra,1
Maithili,पूरा,pUrA,ये,ye,1
Maithili,मौन,mauna,मोल,mola,1
Maithili,हुमू,humU,हम,hama,1
Maithili,करहीए,karahIe,करिया,kariyA,1
Maithili,हमर,hamara,हमें,hameM,1
Maithili,दूनू,dUnU,दोनों,donoM,1
Maithili,एतेक,eteka,इत्तिक,ittika,1
Maithili,छीये,ChIye,छि,Chi,1
Maithili,मुन,muna,बोन,bona,1
Maithili,ऐल,aila,है,hai,1
Maithili,आगू,AgU,आगुम,Aguma,1
Maithili,फल,phala,हॉल,haॉla,1
Maithili,जता,jatA,जत्ते,jatte,1
Maithili,कईटो,kaITo,कई,kaI,1
Maithili,उ,u,दूर,dUra,1
Maithili,एकरा,ekarA,इखरा,ikharA,1
Maithili,सूफ,sUpha,सु,su,1
Maithili,सु,su,सूरत,sUrata,1
Maithili,एता,etA,इतने,itane,1
Maithili,लिए,lie,लेते,lete,1
Maithili,तार्क,tArka,तर,tara,1
Maithili,टहले,Tahale,टहलिया,TahaliyA,1
Maithili,आवै,Avai,आब,Aba,1
Maithili,नजरिया,najariyA,नजारा,najArA,1
Maithili,छै,Chai,छिया,ChiyA,1
Maithili,का,kA,काहे,kAhe,1
Maithili,अय,aya,और,aura,1
Maithili,लागनै,lAganai,लगेन,lagena,1
Maithili,यानी,yAnI,ये,ye,1
Maithili,और,aura,ऑटो,ऑTo,1
Maithili,मअ,maa,में,meM,1
Maithili,छथीन,ChathIna,छतिन,Chatina,1
Maithili,वहाँ,vahA.N,आ,A,1
Maithili,छे,Che,अच्छे,achChe,1
Maithili,लेके,leke,लैक,laika,1
Maithili,अउरु,auru,आरु,Aru,1
Maithili,पटरी,paTarI,पोतली,potalI,1
Maithili,खड़ा,kha.DA,थला,thalA,1
Maithili,डूबा,DUbA,धुआ,dhuA,1
Maithili,आलू,AlU,आल्व,Alva,1
Maithili,मटर,maTara,मोटे,moTe,1
Maithili,ये,ye,एक,eka,1
Maithili,खरीद,kharIda,खड़े,kha.De,1
Maithili,मएक,maeka,मैट,maiTa,1
Maithili,हेइ,hei,है,hai,1
Maithili,जेतो,jeto,जाता,jAtA,1
Maithili,चाहे,chAhe,छाए,ChAe,1
Maithili,इ,i,भेली,bhelI,1
Maithili,हियो,hiyo,एव,eva,1
Maithili,ताकि,tAki,बाकी,bAkI,1
Maithili,उ,u,टू,TU,1
Maithili,आनथिन,Anathina,आंथी,AMthI,1
Maithili,जेकरा,jekarA,जकड़ा,jaka.DA,1
Maithili,परकार,parakAra,तर,tara,1
Maithili,लकर,lakara,लक्कड़,lakka.Da,1
Maithili,केय,keya,क्या,kyA,1
Maithili,भसोन,bhasona,भाषाओं,bhAShAoM,1
Maithili,ऑडी,ऑDI,वॉडी,vaॉDI,1
Maithili,या,yA,हो,ho,1
Maithili,हिए,hie,यो,yo,1
Maithili,आ,A,अच्छा,achChA,1
Maithili,हिओ,hio,यो,yo,1
Maithili,उहो,uho,वोह,voha,1
Maithili,हिओ,hio,या,yA,1
Maithili,हियां,hiyAM,या,yA,1
Maithili,ओय,oya,वो,vo,1
Maithili,एमे,eme,अयो,ayo,1
Maithili,ए,e,मंदिर,maMdira,1
Maithili,उछी,uChI,वुछी,vuChI,1
Maithili,कत्ते,katte,कटे,kaTe,1
Maithili,मांस,mAMsa,माछ,mACha,1
Maithili,नाय,nAya,नहीं,nahIM,1
Maithili,लेबे,lebe,लव,lava,1
Maithili,सुपौल,supaula,श्रीपोल,shrIpola,1
Maithili,अड़हुल,a.Dahula,उल,ula,1
Maithili,उण्ड,uNDa,वून,vUna,1
Maithili,आए,Ae,आये,Aye,1
Maithili,वह,vaha,वहाँ,vahA.N,1
Maithili,से,se,चो,cho,1
Maithili,जेतेे,jetee,जाता,jAtA,1
Maithili,ऐ,ai,ये,ye,1
Maithili,फूल,phUla,शो,sho,1
Maithili,अए,ae,आई,AI,1
Maithili,फिर,phira,कोन,kona,1
Maithili,उसे,use,उसका,usakA,1
Maithili,कनु,kanu,कोनो,kono,1
Maithili,कूनु,kUnu,कुणु,kuNu,1
Maithili,इजे,ije,जी,jI,1
Maithili,हिय,hiya,है,hai,1
Maithili,कउनो,kauno,कमो,kamo,1
Maithili,है,hai,सजावट,sajAvaTa,1
Maithili,इस,isa,कुछ,kuCha,1
Maithili,बार,bAra,बेड,beDa,1
Maithili,कर,kara,क्या,kyA,1
Maithili,संग,saMga,सब,saba,1
Maithili,बैटरी,baiTarI,पैट्रिक,paiTrika,1
Maithili,रिक्शा,rikshA,एलेक्सा,eleksA,1
Maithili,बध,badha,बद्ध,baddha,1
Maithili,हिए,hie,है,hai,1
Maithili,एता,etA,इत्ते,itte,1
Maithili,एकर,ekara,का,kA,1
Maithili,सुत,suta,शुद्ध,shuddha,1
Maithili,आहां,AhAM,हाथ,hAtha,1
Maithili,करिए,karie,करे,kare,1
Maithili,ओकरे,okare,उखरी,ukharI,1
Maithili,हेवे,heve,हुए,hue,1
Maithili,उषा,uShA,ऊसा,UsA,1
Maithili,ओनी,onI,वानी,vAnI,1
Maithili,रहे,rahe,थे,the,1
Maithili,भाय,bhAya,है,hai,1
Maithili,और,aura,यार,yAra,1
Maithili,बढ़िया,ba.DhiyA,यहाँ,yahA.N,1
Maithili,कुछ,kuCha,चीज,chIja,1
Maithili,जेमे,jeme,जमा,jamA,1
Maithili,ऐच्छ,aichCha,है,hai,1
Maithili,छीए,ChIe,चाहिए,chAhie,1
Maithili,होइहे,hoihe,हइयो,haiyo,1
Maithili,हियो,hiyo,ये,ye,1
Maithili,हिया,hiyA,ये,ye,1
Maithili,कीछ,kICha,किच,kicha,1
Maithili,एइमा,eimA,आईमा,AImA,1
Maithili,केंद्र,keMdra,केनरा,kenarA,1
Maithili,होय,hoya,होवा,hovA,1
Maithili,भै,bhai,बह,baha,1
Maithili,भैय,bhaiya,बह,baha,1
Maithili,मछ,maCha,मछली,maChalI,1
Maithili,कूनू,kUnU,कोनो,kono,1
Maithili,अथी,athI,अति,ati,1
Maithili,अलग,alaga,उकड़ा,uka.DA,1
Maithili,बुलु,bulu,ब्लू,blU,1
Maithili,किए,kie,के,ke,1
Maithili,हिय,hiya,या,yA,1
Maithili,ब्लीच,blIcha,फ्रीज,phrIja,1
Maithili,गेएलिए,geelie,गेली,gelI,1
Maithili,त,ta,इतने,itane,1
Maithili,नीला,nIlA,उला,ulA,1
Maithili,पेएन,peena,पैन,paina,1
Maithili,इ,i,कि,ki,1
Maithili,कोनो,kono,कुणु,kuNu,1
Maithili,खुलबेब,khulabeba,खुलवाया,khulavAyA,1
Maithili,वृक्ष,vRRikSha,वृछी,vRRiChI,1
Maithili,आहीए,AhIe,ये,ye,1
Maithili,खोलाएब,kholAeba,खुलाया,khulAyA,1
Maithili,कुछ,kuCha,किच,kicha,1
Maithili,कीनू,kInU,किनो,kino,1
Maithili,रटन्तत,raTantata,तो,to,1
Maithili,शोख,shokha,सौक,sauka,1
Maithili,मिहिम,mihima,महीन,mahIna,1
Maithili,ओते,ote,होते,hote,1
Maithili,होय,hoya,हुए,hue,1
Maithili,माय,mAya,मै,mai,1
Maithili,इल,ila,किल,kila,1
Maithili,जिम,jima,जीन,jIna,1
Maithili,भेंटव,bheMTava,बेटा,beTA,1
Rajasthani,ये,ye,क्या,kyA,1
Rajasthani,सो,so,छा,ChA,1
Rajasthani,चोखे,chokhe,चौकियां,chaukiyAM,1
Rajasthani,वनचर,vanachara,पंचर,paMchara,1
Rajasthani,पीछे,pIChe,बीच,bIcha,1
Rajasthani,गाय,gAya,गांव,gAMva,1
Rajasthani,घणो,ghaNo,घना,ghanA,1
Rajasthani,कोई,koI,और,aura,1
Rajasthani,पीने,pIne,तेल,tela,1
Rajasthani,आठे,AThe,एक,eka,1
Rajasthani,ए,e,एवं,evaM,1
Rajasthani,हु,hu,का,kA,1
Rajasthani,इया,iyA,यहाँ,yahA.N,1
Rajasthani,मशीन,mashIna,है,hai,1
Rajasthani,अठे,aThe,अट्ठी,aTThI,1
Rajasthani,एक,eka,का,kA,1
Rajasthani,कमरा,kamarA,खंभा,khaMbhA,1
Rajasthani,जिको,jiko,झको,jhako,1
Rajasthani,बोहोत,bohota,बड़ी,ba.DI,1
Rajasthani,पर,para,में,meM,1
Rajasthani,काई,kAI,काहे,kAhe,1
Rajasthani,उन्न,unna,उनमें,unameM,1
Rajasthani,सो,so,शॉप,shaॉpa,1
Rajasthani,उन्हें,unheM,उनमे,uname,1
Rajasthani,छपरा,ChaparA,चपरो,chaparo,1
Rajasthani,घालेडो,ghAleDo,गलेड़,gale.Da,1
Rajasthani,लुगाई,lugAI,गाइड,gAiDa,1
Rajasthani,जो,jo,कोई,koI,1
Rajasthani,और,aura,वो,vo,1
Rajasthani,माईन,mAIna,वही,vahI,1
Rajasthani,कादेड़ी,kAde.DI,गाडीडी,gADIDI,1
Rajasthani,ऊका,UkA,को,ko,1
Rajasthani,राखा,rAkhA,रख्या,rakhyA,1
Rajasthani,यो,yo,उ,u,1
Rajasthani,च,cha,चेयर,cheyara,1
Rajasthani,मूली,mUlI,मूड़े,mU.De,1
Rajasthani,जैसा,jaisA,दिशा,dishA,1
Rajasthani,परेड़ी,pare.DI,पड़ेगी,pa.DegI,1
Rajasthani,मेलो,melo,मिले,mile,1
Rajasthani,इति,iti,इतनी,itanI,1
Rajasthani,साहब,sAhaba,साफ,sApha,1
Rajasthani,मे,me,मैन,maina,1
Rajasthani,खली,khalI,सलेम,salema,1
Rajasthani,अठन,aThana,तीन,tIna,1
Rajasthani,आयल,Ayala,इमोइल,imoila,1
Rajasthani,जकी,jakI,जिसके,jisake,1
Rajasthani,खुला,khulA,फुल,phula,1
Rajasthani,रखोयो,rakhoyo,रखी,rakhI,1
Rajasthani,उक,uka,कुका,kukA,1
Rajasthani,बनायेड़ो,banAye.Do,बनाईडु,banAIDu,1
Rajasthani,डी,DI,रही,rahI,1
Rajasthani,झूला,jhUlA,झूल्लो,jhUllo,1
Rajasthani,सिड्डिया,siDDiyA,सीढ़ियां,sI.DhiyAM,1
Rajasthani,कठे,kaThe,कटी,kaTI,1
Rajasthani,घाना,ghAnA,गणा,gaNA,1
Rajasthani,जाट,jATa,जब,jaba,1
Rajasthani,सारा,sArA,जाना,jAnA,1
Rajasthani,वाइट,vAiTa,पिंक,piMka,1
Rajasthani,पिंक,piMka,व्हाइट,vhAiTa,1
Rajasthani,है,hai,शहन,shahana,1
Rajasthani,सीखें,sIkheM,शहन,shahana,1
Rajasthani,गेला,gelA,लेडा,leDA,1
Rajasthani,जेमे,jeme,जिनमें,jinameM,1
Rajasthani,अठे,aThe,फोटो,phoTo,1
Rajasthani,इनने,inane,जिन्होंने,jinhoMne,1
Rajasthani,ये,ye,इयो,iyo,1
Rajasthani,कोण,koNa,कौन,kauna,1
Rajasthani,में,meM,मजार,majAra,1
Rajasthani,भुरा,bhurA,बोरो,boro,1
Rajasthani,कपाट,kapATa,कबाड़,kabA.Da,1
Rajasthani,छोरा,ChorA,चोर,chora,1
Rajasthani,साम,sAma,हम,hama,1
Rajasthani,खम्भों,khambhoM,थंबू,thaMbU,1
Rajasthani,इममे,imame,मैंने,maiMne,1
Rajasthani,ही,hI,रहे,rahe,1
Rajasthani,रि,ri,रहा,rahA,1
Rajasthani,लाल,lAla,लारा,lArA,1
Rajasthani,रयो,rayo,रहे,rahe,1
Rajasthani,का,kA,खात,khAta,1
Rajasthani,लगा,lagA,बने,bane,1
Rajasthani,इम,ima,एमे,eme,1
Rajasthani,लिखेरो,likhero,लिखी,likhI,1
Rajasthani,लगया,lagayA,लगे,lage,1
Rajasthani,भी,bhI,पे,pe,1
Rajasthani,में,meM,पे,pe,1
Rajasthani,उर,ura,भरे,bhare,1
Rajasthani,घांस,ghAMsa,कास,kAsa,1
Rajasthani,बिहा,bihA,ब्याह,byAha,1
Rajasthani,बनायेडी,banAyeDI,बनाई,banAI,1
Rajasthani,अठन,aThana,अटिन,aTina,1
Rajasthani,रहा,rahA,गया,gayA,1
Rajasthani,माईन,mAIna,बाहर,bAhara,1
Rajasthani,जाला,jAlA,झाड़ने,jhA.Dane,1
Rajasthani,केमा,kemA,के,ke,1
Rajasthani,जेकी,jekI,कि,ki,1
Rajasthani,का,kA,हैंडपंप,haiMDapaMpa,1
Rajasthani,घनों,ghanoM,गणों,gaNoM,1
Rajasthani,इक,ika,इगो,igo,1
Rajasthani,लगायेडी,lagAyeDI,लगाई,lagAI,1
Rajasthani,रेटोड,reToDa,रेतूल,retUla,1
Rajasthani,मांडेडा,mAMDeDA,मंदिरा,maMdirA,1
Rajasthani,भटे,bhaTe,बैठी,baiThI,1
Rajasthani,लगायेड़ा,lagAye.DA,लगा,lagA,1
Rajasthani,बैठ,baiTha,भी,bhI,1
Rajasthani,बठीने,baThIne,बटिन,baTina,1
Rajasthani,भटीन,bhaTIna,बठिंडी,baThiMDI,1
Rajasthani,हल्का,halkA,बिका,bikA,1
Rajasthani,करेड़ी,kare.DI,करली,karalI,1
Rajasthani,भी,bhI,बैठ,baiTha,1
Rajasthani,अँगणो,a.NgaNo,आंगना,AMganA,1
Rajasthani,से,se,छो,Cho,1
Rajasthani,थ,tha,छा,ChA,1
Rajasthani,होवे,hove,हो,ho,1
Rajasthani,इ,i,यू,yU,1
Rajasthani,थो,tho,त,ta,1
Rajasthani,रिया,riyA,जा,jA,1
Rajasthani,इमे,ime,जिनमें,jinameM,1
Rajasthani,एमो,emo,ओईम,oIma,1
Rajasthani,वाटर,vATara,फोटो,phoTo,1
Rajasthani,ही,hI,ई,I,1
Rajasthani,राख्यो,rAkhyo,रखी,rakhI,1
Rajasthani,पिलर,pilara,पेड़,pe.Da,1
Rajasthani,छाया,ChAyA,छे,Che,1
Rajasthani,चे,che,छ,Cha,1
Rajasthani,रेया,reyA,रे,re,1
Rajasthani,लागेङो,lAge~No,लगाडो,lagADo,1
Rajasthani,आगे,Age,अगर,agara,1
Rajasthani,भांत,bhAMta,बांध,bAMdha,1
Rajasthani,यो,yo,ज्यो,jyo,1
Rajasthani,भरवाने,bharavAne,बनाने,banAne,1
Rajasthani,लाग,lAga,डाल,DAla,1
Rajasthani,कंपनी,kaMpanI,कम्पनियों,kampaniyoM,1
Rajasthani,पिलर,pilara,कलर,kalara,1
Rajasthani,धोला,dholA,थोड़ा,tho.DA,1
Rajasthani,रेयो,reyo,रहो,raho,1
Rajasthani,अठे,aThe,हाथी,hAthI,1
Rajasthani,अठीने,aThIne,ठिन,Thina,1
Rajasthani,कने,kane,बनी,banI,1
Rajasthani,छगनलाल,ChaganalAla,जगन्नाथ,jagannAtha,1
Rajasthani,दोनों,donoM,दुनिया,duniyA,1
Rajasthani,इ,i,की,kI,1
Rajasthani,भायोडो,bhAyoDo,बाय,bAya,1
Rajasthani,भायो,bhAyo,भाई,bhAI,1
Rajasthani,खँचायो,kha.NchAyo,खिंचवाई,khiMchavAI,1
Rajasthani,उने,une,उन्न,unna,1
Rajasthani,प्रकार,prakAra,तरह,taraha,1
Rajasthani,अथीन,athIna,अटी,aTI,1
Rajasthani,सरस्,saras,स्व,sva,1
Rajasthani,पड़यो,pa.Dayo,खड़ी,kha.DI,1
Rajasthani,फूला,phUlA,फुल्ला,phullA,1
Rajasthani,पेटी,peTI,फैक्ट्री,phaikTrI,1
Rajasthani,राखया,rAkhayA,रखी,rakhI,1
Rajasthani,लौह,lauha,लोग,loga,1
Rajasthani,लगायेड़ी,lagAye.DI,लगाई,lagAI,1
Rajasthani,छे,Che,जाय,jAya,1
Rajasthani,सोतयो,sotayo,सत्तो,satto,1
Rajasthani,पीला,pIlA,पूरा,pUrA,1
Rajasthani,जनों,janoM,जून,jUna,1
Rajasthani,खड़या,kha.DayA,पेड़े,pe.De,1
Rajasthani,राखयो,rAkhayo,रखे,rakhe,1
Rajasthani,जनों,janoM,दिन,dina,1
Rajasthani,हु,hu,में,meM,1
Rajasthani,आठे,AThe,अट्ठा,aTThA,1
Rajasthani,कुषण,kuShaNa,कुर्सी,kursI,1
Rajasthani,और,aura,हाँ,hA.N,1
Rajasthani,एक,eka,हेयर,heyara,1
Rajasthani,इसी,isI,पीछे,pIChe,1
Rajasthani,रि,ri,रही,rahI,1
Rajasthani,आधी,AdhI,आदि,Adi,1
Rajasthani,बैठिये,baiThiye,बैठी,baiThI,1
Rajasthani,पढ़िए,pa.Dhie,बने,bane,1
Rajasthani,करने,karane,करवा,karavA,1
Rajasthani,दिखरियो,dikhariyo,दिखीरु,dikhIru,1
Rajasthani,एसी,esI,एशिया,eshiyA,1
Rajasthani,भुरो,bhuro,भूरु,bhUru,1
Rajasthani,आला,AlA,पड़ा,pa.DA,1
Rajasthani,मते,mate,माता,mAtA,1
Rajasthani,दूर,dUra,बहुत,bahuta,1
Rajasthani,तो,to,का,kA,1
Rajasthani,जालीया,jAlIyA,जाल,jAla,1
Rajasthani,भोळी,bhoLI,बड़ी,ba.DI,1
Rajasthani,ऊटी,UTI,उठी,uThI,1
Rajasthani,यहां,yahAM,या,yA,1
Rajasthani,लिये,liye,लिए,lie,1
Rajasthani,बींदनी,bIMdanI,बीनणी,bInaNI,1
Rajasthani,में,meM,जाने,jAne,1
Rajasthani,आपका,ApakA,आग,Aga,1
Rajasthani,खेत,kheta,गेट,geTa,1
Rajasthani,यह,yaha,भैया,bhaiyA,1
Rajasthani,निच्चे,nichche,नीचे,nIche,1
Rajasthani,बोतल,botala,बॉटल,baॉTala,1
Rajasthani,छ,Cha,जैसे,jaise,1
Rajasthani,रिहो,riho,रहयो,rahayo,1
Rajasthani,मैं,maiM,मा,mA,1
Rajasthani,लगयेड़ो,lagaye.Do,लगा,lagA,1
Rajasthani,लगयेड़ी,lagaye.DI,लगाई,lagAI,1
Rajasthani,टी,TI,दे,de,1
Rajasthani,छ,Cha,जरा,jarA,1
Rajasthani,लगाओड़ो,lagAo.Do,लगा,lagA,1
Rajasthani,म,ma,माइनर,mAinara,1
Rajasthani,या,yA,यहाँ,yahA.N,1
Rajasthani,धोली,dholI,दूरी,dUrI,1
Rajasthani,अठीन,aThIna,बटिन,baTina,1
Rajasthani,धोली,dholI,दुली,dulI,1
Rajasthani,हुडान,huDAna,उड़डा,u.DaDA,1
Rajasthani,पास,pAsa,बाहर,bAhara,1
Rajasthani,सेरिया,seriyA,सीढ़ियां,sI.DhiyAM,1
Rajasthani,उने,une,उन्हें,unheM,1
Rajasthani,बैठ्या,baiThyA,बैठे,baiThe,1
Rajasthani,नयो,nayo,न्यू,nyU,1
Rajasthani,मायन,mAyana,वहाँ,vahA.N,1
Rajasthani,रहाे,rahAe,रही,rahI,1
Rajasthani,इतरा,itarA,आ,A,1
Rajasthani,आगे,Age,धागे,dhAge,1
Rajasthani,राख्यो,rAkhyo,रखे,rakhe,1
Rajasthani,गाड़ियां,gA.DiyAM,गड्ढा,gaDDhA,1
Rajasthani,ऊमे,Ume,उन्हे,unhe,1
Rajasthani,उतार,utAra,कुतान,kutAna,1
Rajasthani,वो,vo,कोई,koI,1
Rajasthani,लग,laga,कर,kara,1
Rajasthani,और,aura,है,hai,1
Rajasthani,बड़ो,ba.Do,बड्डू,baDDU,1
Rajasthani,पडयो,paDayo,पड़ी,pa.DI,1
Rajasthani,सांप,sAMpa,साहब,sAhaba,1
Rajasthani,फुला,phulA,फूलों,phUloM,1
Rajasthani,आयेड़ा,Aye.DA,आइडा,AiDA,1
Rajasthani,दूब,dUba,दो,do,1
Rajasthani,देयेडो,deyeDo,देड,deDa,1
Rajasthani,इया,iyA,कोई,koI,1
Rajasthani,अन,ana,अन्ना,annA,1
Rajasthani,चाँद,chA.Nda,चा,chA,1
Rajasthani,दिखे,dikhe,सीखे,sIkhe,1
Rajasthani,कोई,koI,एक,eka,1
Rajasthani,ऐसो,aiso,सब,saba,1
Rajasthani,या,yA,यहां,yahAM,1
Rajasthani,जका,jakA,जगह,jagaha,1
Rajasthani,राख्या,rAkhyA,राखी,rAkhI,1
Rajasthani,दिखेरया,dikherayA,दिखी,dikhI,1
Rajasthani,है,hai,बहुत,bahuta,1
Rajasthani,में,meM,के,ke,1
Rajasthani,होया,hoyA,हुआ,huA,1
Rajasthani,इधर,idhara,सारा,sArA,1
Rajasthani,खड्यो,khaDyo,खड़ी,kha.DI,1
Rajasthani,रहयो,rahayo,रहे,rahe,1
Rajasthani,लगे,lage,लगाए,lagAe,1
Rajasthani,लगाएड़ा,lagAe.DA,लगड,lagaDa,1
Rajasthani,आन,Ana,अन्य,anya,1
Rajasthani,ने,ne,में,meM,1
Rajasthani,बनेड़ा,bane.DA,बनाइड,banAiDa,1
Rajasthani,बनेड़ा,bane.DA,बनाइडा,banAiDA,1
Rajasthani,रयो,rayo,रही,rahI,1
Rajasthani,लागोडा,lAgoDA,लगेड,lageDa,1
Rajasthani,लगाया,lagAyA,लगेड़ा,lage.DA,1
Rajasthani,या,yA,और,aura,1
Rajasthani,जीका,jIkA,जगह,jagaha,1
Rajasthani,भोळा,bhoLA,बहुत,bahuta,1
Rajasthani,सूट,sUTa,स्वीट,svITa,1
Rajasthani,और,aura,कोई,koI,1
Rajasthani,जिहा,jihA,जहां,jahAM,1
Rajasthani,घन्ना,ghannA,कणा,kaNA,1
Rajasthani,घणा,ghaNA,गुणा,guNA,1
Rajasthani,अपनी,apanI,आवणी,AvaNI,1
Rajasthani,यहाँ,yahA.N,यामा,yAmA,1
Rajasthani,काउ,kAu,अहु,ahu,1
Rajasthani,घणा,ghaNA,कहाँ,kahA.N,1
Rajasthani,ठा,ThA,ढ,Dha,1
Rajasthani,छ,Cha,ऊंचे,UMche,1
Rajasthani,अठे,aThe,और,aura,1
Rajasthani,मैं,maiM,है,hai,1
Rajasthani,कोई,koI,वही,vahI,1
Rajasthani,कलर,kalara,कोरड़ा,kora.DA,1
Rajasthani,दरकत,darakata,देखता,dekhatA,1
Rajasthani,बांडा,bAMDA,बाण,bANa,1
Rajasthani,माईन,mAIna,लोग,loga,1
Rajasthani,बढ़ा,ba.DhA,बड्डा,baDDA,1
Rajasthani,बगेरा,bagerA,वगैरह,vagairaha,1
Rajasthani,रहा,rahA,जा,jA,1
Rajasthani,ब्लैक,blaika,लाल,lAla,1
Rajasthani,माइने,mAine,मैन,maina,1
Rajasthani,टम्पू,TampU,टेंपो,TeMpo,1
Rajasthani,आदमी,AdamI,आद,Ada,1
Rajasthani,ग्रिल,grila,गरीले,garIle,1
Rajasthani,इम्मा,immA,यमा,yamA,1
Rajasthani,ऊके,Uke,उगर,ugara,1
Rajasthani,रहयो,rahayo,रहा,rahA,1
Rajasthani,पिले,pile,पीलो,pIlo,1
Rajasthani,जालिया,jAliyA,जाले,jAle,1
Rajasthani,मय,maya,यहाँ,yahA.N,1
Rajasthani,एमे,eme,यमा,yamA,1
Rajasthani,धोडो,dhoDo,डोला,DolA,1
Rajasthani,रह्यो,rahyo,रहे,rahe,1
Rajasthani,क्यारियां,kyAriyAM,क्या,kyA,1
Rajasthani,घणा,ghaNA,गणों,gaNoM,1
Rajasthani,छ,Cha,जै,jai,1
Rajasthani,जावे,jAve,जाओ,jAo,1
Rajasthani,मे,me,मापणे,mApaNe,1
Rajasthani,चीज़े,chIze,चेयर,cheyara,1
Rajasthani,बड़ा,ba.DA,बैठे,baiThe,1
Rajasthani,कई,kaI,कहीं,kahIM,1
Rajasthani,छ,Cha,छोड़,Cho.Da,1
Rajasthani,इ,i,यो,yo,1
Rajasthani,गढ़,ga.Dha,गड्ढा,gaDDhA,1
Rajasthani,छ,Cha,सा,sA,1
Rajasthani,सु,su,छू,ChU,1
Rajasthani,अठे,aThe,उठी,uThI,1
Rajasthani,पाछे,pAChe,पांच,pAMcha,1
Rajasthani,ब्याह,byAha,सुबह,subaha,1
Rajasthani,गयोड़ो,gayo.Do,खड़ी,kha.DI,1
Rajasthani,छोटिया,ChoTiyA,छोटे,ChoTe,1
Rajasthani,फोटो,phoTo,रोड,roDa,1
Rajasthani,अड़े,a.De,आडी,ADI,1
Rajasthani,रिया,riyA,गया,gayA,1
Rajasthani,इमें,imeM,ईमा,ImA,1
Rajasthani,जिमें,jimeM,जीमन,jImana,1
Rajasthani,उठवों,uThavoM,ढाबा,DhAbA,1
Rajasthani,बणयोडो,baNayoDo,बनुड़ा,banu.DA,1
Rajasthani,इस,isa,ई,I,1
Rajasthani,काफी,kAphI,कणी,kaNI,1
Rajasthani,इशाया,ishAyA,ईसाइयां,IsAiyAM,1
Rajasthani,गया,gayA,यह,yaha,1
Rajasthani,जेठ,jeTha,जटे,jaTe,1
Rajasthani,बेचे,beche,बिचा,bichA,1
Rajasthani,अपना,apanA,उनका,unakA,1
Rajasthani,लगो,lago,यहाँ,yahA.N,1
Rajasthani,हॉल,haॉla,लंबा,laMbA,1
Rajasthani,मैंन,maiMna,मेन,mena,1
Rajasthani,के,ke,एक,eka,1
Rajasthani,बीने,bIne,बिना,binA,1
Rajasthani,उसमे,usame,ऊपर,Upara,1
Rajasthani,टैंक,TaiMka,एक,eka,1
Rajasthani,जेमे,jeme,जो,jo,1
Rajasthani,दिखिरिया,dikhiriyA,दिखीरु,dikhIru,1
Rajasthani,लागेड़ी,lAge.DI,आगरे,Agare,1
Rajasthani,जीका,jIkA,जो,jo,1
Rajasthani,रखयो,rakhayo,रखे,rakhe,1
Rajasthani,घणा,ghaNA,घर,ghara,1
Rajasthani,इतना,itanA,भरा,bharA,1
Rajasthani,ईका,IkA,एक,eka,1
Rajasthani,रव,rava,रहो,raho,1
Rajasthani,पता,patA,त,ta,1
Rajasthani,रियो,riyo,रु,ru,1
Rajasthani,अठे,aThe,हत्थे,hatthe,1
Rajasthani,हेर,hera,अ,a,1
Rajasthani,काला,kAlA,खड़ा,kha.DA,1
Rajasthani,एक,eka,ऐसी,aisI,1
Rajasthani,पाछे,pAChe,माझी,mAjhI,1
Rajasthani,अठे,aThe,अथि,athi,1
Rajasthani,पाछे,pAChe,आचे,Ache,1
Rajasthani,ए,e,ये,ye,1
Rajasthani,बढ़िया,ba.DhiyA,बड़ी,ba.DI,1
Rajasthani,लगायोडा,lagAyoDA,लगा,lagA,1
Rajasthani,रा,rA,र्या,ryA,1
Rajasthani,थे,the,अटे,aTe,1
Rajasthani,बोत,bota,पोर्ट,porTa,1
Rajasthani,डोरा,DorA,धोला,dholA,1
Rajasthani,ओरु,oru,और,aura,1
Rajasthani,उका,ukA,ओके,oke,1
Rajasthani,अठ,aTha,छे,Che,1
Rajasthani,सफेद,sapheda,सफ,sapha,1
Rajasthani,जेने,jene,जिन्हें,jinheM,1
Rajasthani,अठ,aTha,हटे,haTe,1
Rajasthani,सफे,saphe,स,sa,1
Rajasthani,भूरो,bhUro,गोरू,gorU,1
Rajasthani,को,ko,पर,para,1
Rajasthani,मा,mA,हम,hama,1
Rajasthani,वाला,vAlA,एणो,eNo,1
Rajasthani,लागेड़ी,lAge.DI,लगी,lagI,1
Rajasthani,करेडो,kareDo,ग्रेड,greDa,1
Rajasthani,वा,vA,डिजाइन,DijAina,1
Rajasthani,जैको,jaiko,देखो,dekho,1
Rajasthani,वठै,vaThai,बैठे,baiThe,1
Rajasthani,लाईटा,lAITA,लाइटें,lAiTeM,1
Rajasthani,नी,nI,नीला,nIlA,1
Rajasthani,जेका,jekA,जैको,jaiko,1
Rajasthani,मेठी,meThI,मिट्टी,miTTI,1
Rajasthani,फिसल,phisala,रिचा,richA,1
Rajasthani,हरो,haro,और,aura,1
Rajasthani,जेने,jene,जिन्होंने,jinhoMne,1
Rajasthani,पाछे,pAChe,छे,Che,1
Rajasthani,थे,the,अठे,aThe,1
Rajasthani,रेहो,reho,छ,Cha,1
Rajasthani,इनमें,inameM,मैंने,maiMne,1
Rajasthani,पाछ,pACha,छे,Che,1
Rajasthani,पहनो,pahano,पहरे,pahare,1
Rajasthani,छोरीया,ChorIyA,छोरे,Chore,1
Rajasthani,पिलो,pilo,पिल्लू,pillU,1
Rajasthani,ला,lA,लागी,lAgI,1
Rajasthani,चौका,chaukA,चोखा,chokhA,1
Rajasthani,जेको,jeko,छो,Cho,1
Rajasthani,चाबि,chAbi,चाभी,chAbhI,1
Rajasthani,भूरो,bhUro,भू,bhU,1
Rajasthani,रेहो,reho,रु,ru,1
Rajasthani,अठ,aTha,अति,ati,1
Rajasthani,अठे,aThe,आथे,Athe,1
Rajasthani,जेका,jekA,देखो,dekho,1
Rajasthani,बिरंगो,biraMgo,बिर,bira,1
Rajasthani,रियाे,riyAe,रही,rahI,1
Rajasthani,र,ra,रहा,rahA,1
Rajasthani,जेको,jeko,जगो,jago,1
Rajasthani,कथई,kathaI,कत्थाई,katthAI,1
Rajasthani,अठे,aThe,बटे,baTe,1
Rajasthani,अठे,aThe,छोटे,ChoTe,1
Rajasthani,लग्यो,lagyo,लगे,lage,1
Rajasthani,इक्के,ikke,एक,eka,1
Rajasthani,घालेडो,ghAleDo,खालियोडो,khAliyoDo,1
Rajasthani,सगला,sagalA,सबड़ा,saba.DA,1
Rajasthani,एक,eka,रेत,reta,1
Rajasthani,नाई,nAI,नाइक,nAika,1
Rajasthani,छोरी,ChorI,सॉरी,saॉrI,1
Rajasthani,खम्भों,khambhoM,थंबो,thaMbo,1
Rajasthani,प,pa,सीट,sITa,1
Rajasthani,लिख्यो,likhyo,लिखे,likhe,1
Rajasthani,रेहो,reho,रह,raha,1
Rajasthani,दिखेरो,dikhero,दिखिर्यु,dikhiryu,1
Rajasthani,लागेडॉ,lAgeDaॉ,लगड़ो,laga.Do,1
Rajasthani,अथीन,athIna,अठिन,aThina,1
Rajasthani,घडो,ghaDo,गणो,gaNo,1
Rajasthani,सामन,sAmana,सा,sA,1
Rajasthani,अटींन,aTIMna,अठिन,aThina,1
Rajasthani,जिमे,jime,जीमा,jImA,1
Rajasthani,घनी,ghanI,कणी,kaNI,1
Rajasthani,बोट,boTa,बोर्ड,borDa,1
Rajasthani,कच्ची,kachchI,कजी,kajI,1
Rajasthani,कोण,koNa,घूंट,ghUMTa,1
Rajasthani,ऊपर,Upara,सा,sA,1
Rajasthani,में,meM,वह,vaha,1
Rajasthani,छे,Che,थी,thI,1
Rajasthani,अणे,aNe,अनमे,aname,1
Rajasthani,फुटेलो,phuTelo,पोटेडो,poTeDo,1
Rajasthani,रहिया,rahiyA,रही,rahI,1
Rajasthani,अठीने,aThIne,तीन,tIna,1
Rajasthani,लुगाया,lugAyA,रुपया,rupayA,1
Rajasthani,जिकाे,jikAe,जेको,jeko,1
Rajasthani,पिलाे,pilAe,पीलो,pIlo,1
Rajasthani,जोकी,jokI,जो,jo,1
Rajasthani,अठे,aThe,कट्ठे,kaTThe,1
Rajasthani,इमे,ime,में,meM,1
Rajasthani,तांई,tAMI,कहीं,kahIM,1
Rajasthani,में,meM,रे,re,1
Rajasthani,जिने,jine,जिन्होंने,jinhoMne,1
Rajasthani,इम,ima,ईमे,Ime,1
Rajasthani,बाहर,bAhara,बारे,bAre,1
Rajasthani,आटे,ATe,अटेन,aTena,1
Rajasthani,घणो,ghaNo,गणु,gaNu,1
Rajasthani,उई,uI,हुई,huI,1
Rajasthani,जेमे,jeme,हमे,hame,1
Rajasthani,हुआ,huA,होवा,hovA,1
Rajasthani,न,na,नहीं,nahIM,1
Rajasthani,खड्यो,khaDyo,करो,karo,1
Rajasthani,वोमे,vome,ओमे,ome,1
Rajasthani,रो,ro,रहु,rahu,1
Rajasthani,गाड़ी,gA.DI,गाड़ियाँ,gA.DiyA.N,1
Rajasthani,कालो,kAlo,कार्डो,kArDo,1
Rajasthani,का,kA,खो,kho,1
Rajasthani,अरे,are,खुले,khule,1
Rajasthani,झुला,jhulA,झूलो,jhUlo,1
Rajasthani,ये,ye,आ,A,1
Rajasthani,बड़ाे,ba.DAe,माइक,mAika,1
Rajasthani,एक,eka,खूब,khUba,1
Rajasthani,दिखेरयो,dikherayo,दिखी,dikhI,1
Rajasthani,लगायेडॉ,lagAyeDaॉ,लगाड़ो,lagA.Do,1
Rajasthani,फूटरी,phUTarI,छोटी,ChoTI,1
Rajasthani,गयेडा,gayeDA,गईड़ा,gaI.DA,1
Rajasthani,दर,dara,दरवाजा,daravAjA,1
Rajasthani,बनायोडो,banAyoDo,मनाडु,manADu,1
Rajasthani,करियोडो,kariyoDo,करडु,karaDu,1
Rajasthani,छैल,Chaila,छे,Che,1
Rajasthani,खम्भा,khambhA,थम्ब,thamba,1
Rajasthani,निचे,niche,नीचा,nIchA,1
Rajasthani,भुर्रो,bhurro,भूरो,bhUro,1
Rajasthani,जेमे,jeme,जिन्होंने,jinhoMne,1
Rajasthani,यहाँ,yahA.N,या,yA,1
Rajasthani,गणा,gaNA,खड़ा,kha.DA,1
Rajasthani,अठे,aThe,हटा,haTA,1
Rajasthani,रहियो,rahiyo,रह,raha,1
Rajasthani,वोका,vokA,ओके,oke,1
Rajasthani,का,kA,सु,su,1
Rajasthani,तिराहो,tirAho,चिड़ाओ,chi.DAo,1
Rajasthani,ईटा,ITA,एंटांग,eMTAMga,1
Rajasthani,री,rI,दि,di,1
Rajasthani,जिंको,jiMko,देखो,dekho,1
Rajasthani,बडो,baDo,बोर्ड,borDa,1
Rajasthani,लीखेड़ो,lIkhe.Do,लिखिडु,likhiDu,1
Rajasthani,लीखेड़ो,lIkhe.Do,लिखीडु,likhIDu,1
Rajasthani,री,rI,रहे,rahe,1
Rajasthani,गाड़िया,gA.DiyA,गड्ढे,gaDDhe,1
Rajasthani,पहरियो,pahariyo,पहनो,pahano,1
Rajasthani,अधो,adho,आतो,Ato,1
Rajasthani,है,hai,अभी,abhI,1
Rajasthani,जेका,jekA,जे,je,1
Rajasthani,काशा,kAshA,का,kA,1
Rajasthani,मेलो,melo,माले,mAle,1
Rajasthani,हुई,huI,भी,bhI,1
Rajasthani,बा,bA,और,aura,1
Rajasthani,मायने,mAyane,बने,bane,1
Rajasthani,लगायोडा,lagAyoDA,लगेड़ा,lage.DA,1
Rajasthani,बठीने,baThIne,बिटिन,biTina,1
Rajasthani,पड़ेया,pa.DeyA,पड़ी,pa.DI,1
Rajasthani,खड़िया,kha.DiyA,खड़े,kha.De,1
Rajasthani,जार,jAra,जहा,jahA,1
Rajasthani,अठन,aThana,ठिने,Thine,1
Rajasthani,धौली,dhaulI,थोड़ी,tho.DI,1
Rajasthani,लगायोडी,lagAyoDI,लगाई,lagAI,1
Rajasthani,गोल,gola,घोड़,gho.Da,1
Rajasthani,अठीने,aThIne,अटेन,aTena,1
Rajasthani,इनने,inane,ईमे,Ime,1
Rajasthani,दीख,dIkha,दिखी,dikhI,1
Rajasthani,भुर्रो,bhurro,भूरु,bhUru,1
Rajasthani,लेडिसा,leDisA,लेडीजों,leDIjoM,1
Rajasthani,उनने,unane,अपना,apanA,1
Rajasthani,पेडीया,peDIyA,बड़िया,ba.DiyA,1
Rajasthani,पेहेरिया,peheriyA,पहने,pahane,1
Rajasthani,लिखियोंडो,likhiyoMDo,लिखेड़,likhe.Da,1
Rajasthani,थे,the,है,hai,1
Rajasthani,फिसल,phisala,रिसक,risaka,1
Rajasthani,दिखेरो,dikhero,दिखिर्युं,dikhiryuM,1
Garhwali,कु,ku,खूब,khUba,1
Garhwali,निस,nisa,निष्,niSh,1
Garhwali,बणयू,baNayU,बणु,baNu,1
Garhwali,आण,ANa,आने,Ane,1
Garhwali,ओण,oNa,ऑन,ऑna,1
Garhwali,नारा,nArA,गार्डन,gArDana,1
Garhwali,ह्वन,hvana,होन,hona,1
Garhwali,लोग,loga,और,aura,1
Garhwali,सक्दैन,sakdaina,सकते,sakate,1
Garhwali,लाग्यां,lAgyAM,लगे,lage,1
Garhwali,बणौणु,baNauNu,बनो,bano,1
Garhwali,भार,bhAra,बाहर,bAhara,1
Garhwali,होणी,hoNI,वाणी,vANI,1
Garhwali,पर्दा,pardA,पड़ता,pa.DatA,1
Garhwali,यख,yakha,जैके,jaike,1
Garhwali,कु,ku,हूँ,hU.N,1
Garhwali,तख्मान,takhmAna,पकवान,pakavAna,1
Garhwali,मछली,maChalI,मछलियाँ,maChaliyA.N,1
Garhwali,चन,chana,छ,Cha,1
Garhwali,औंदी,auMdI,होदी,hodI,1
Garhwali,लै,lai,में,meM,1
Garhwali,चन्नु,channu,चम्मच,chammacha,1
Garhwali,रंदा,raMdA,रहना,rahanA,1
Garhwali,अप्णु,apNu,हमें,hameM,1
Garhwali,वेगी,vegI,होएगी,hoegI,1
Garhwali,वेगी,vegI,होयगी,hoyagI,1
Garhwali,अपणि,apaNi,अपनी,apanI,1
Garhwali,दुई,duI,थ्री,thrI,1
Garhwali,भ्वां,bhvAM,भाँ,bhA.N,1
Garhwali,कन,kana,करना,karanA,1
Garhwali,हैकि,haiki,एकी,ekI,1
Garhwali,या,yA,ही,hI,1
Garhwali,चलण,chalaNa,छान,ChAna,1
Garhwali,मौली,maulI,मोरी,morI,1
Garhwali,मथि,mathi,मती,matI,1
Garhwali,वै,vai,वही,vahI,1
Garhwali,शाख,shAkha,साग,sAga,1
Garhwali,उथे,uthe,उत्तर,uttara,1
Garhwali,बहर,bahara,भैर,bhaira,1
Garhwali,चौल,chaula,चावल,chAvala,1
Garhwali,बड़ी,ba.DI,छोटी,ChoTI,1
Garhwali,यफुण,yaphuNa,फुन,phuna,1
Garhwali,लग्यु,lagyu,लागुं,lAguM,1
Garhwali,तिबांगी,tibAMgI,त्यागे,tyAge,1
Garhwali,पत्ती,pattI,पतिया,patiyA,1
Garhwali,वो,vo,यू,yU,1
Garhwali,यख,yakha,जके,jake,1
Garhwali,की,kI,लगीं,lagIM,1
Garhwali,पणन,paNana,पर,para,1
Garhwali,लगौंला,lagauMlA,गोला,golA,1
Garhwali,यौ,yau,आ,A,1
Garhwali,हुयुं,huyuM,होणी,hoNI,1
Garhwali,अपड़ि,apa.Di,अपनी,apanI,1
Garhwali,अप्डू,apDU,अपड़ों,apa.DoM,1
Garhwali,दुई,duI,द्वाइ,dvAi,1
Garhwali,जमियुं,jamiyuM,जमीं,jamIM,1
Garhwali,धरी,dharI,जारी,jArI,1
Garhwali,यखम,yakhama,एक,eka,1
Garhwali,पणी,paNI,पड़े,pa.De,1
Garhwali,छकी,ChakI,छक्के,Chakke,1
Garhwali,मा,mA,मामें,mAmeM,1
Garhwali,यखी,yakhI,एक,eka,1
Garhwali,ढालु,DhAlu,ढाका,DhAkA,1
Garhwali,तदि,tadi,तथा,tathA,1
Garhwali,दिखणी,dikhaNI,देखने,dekhane,1
Garhwali,सजयीं,sajayIM,सजाई,sajAI,1
Garhwali,अब,aba,पर,para,1
Garhwali,हुंदा,huMdA,ओदल,odala,1
Garhwali,बातों,bAtoM,बादव,bAdava,1
Garhwali,बणाणे,baNANe,ब्रांड,brAMDa,1
Garhwali,तर्फ,tarpha,ठो,Tho,1
Garhwali,त्यां,tyAM,जहां,jahAM,1
Garhwali,फुंड,phuMDa,पुण,puNa,1
Garhwali,मैसु,maisu,मसूद,masUda,1
Garhwali,उं,uM,वो,vo,1
Garhwali,मथि,mathi,माती,mAtI,1
Garhwali,पट,paTa,पट्ट,paTTa,1
Garhwali,हमि,hami,हमें,hameM,1
Garhwali,ब्योली,byolI,डोली,DolI,1
Garhwali,हमी,hamI,हमें,hameM,1
Garhwali,सिधु,sidhu,सिद्धू,siddhU,1
Garhwali,नइ,nai,नहीं,nahIM,1
Garhwali,यख,yakha,है,hai,1
Garhwali,ते,te,तीन,tIna,1
Garhwali,और,aura,है,hai,1
Garhwali,के,ke,अगर,agara,1
Garhwali,पैर्याँ,pairyA.N,पहरें,pahareM,1
Garhwali,शूर्ट,shUrTa,सूट,sUTa,1
Garhwali,का,kA,त,ta,1
Garhwali,राखियां,rAkhiyAM,रखें,rakheM,1
Garhwali,यखमा,yakhamA,यखो,yakho,1
Garhwali,लाक्डू,lAkDU,लाखडु,lAkhaDu,1
Garhwali,दिखेणु,dikheNu,दिखुं,dikhuM,1
Garhwali,ऐंचा,aiMchA,एच,echa,1
Garhwali,बाणोंया,bANoMyA,बनोणे,banoNe,1
Garhwali,लोहा,lohA,लुआ,luA,1
Garhwali,खम्बा,khambA,खंभों,khaMbhoM,1
Garhwali,छा,ChA,सर,sara,1
Garhwali,हुलु,hulu,होलो,holo,1
Garhwali,लग्यां,lagyAM,या,yA,1
Garhwali,लैट,laiTa,लाइट,lAiTa,1
Garhwali,होंथे,hoMthe,मानते,mAnate,1
Garhwali,कन्ना,kannA,करने,karane,1
Garhwali,कखी,kakhI,कुकी,kukI,1
Garhwali,जख,jakha,जैके,jaike,1
Garhwali,द्वि,dvi,दूर,dUra,1
Garhwali,जख,jakha,जेक,jeka,1
Garhwali,बणी,baNI,बने,bane,1
Garhwali,दुई,duI,प्रीत,prIta,1
Garhwali,डाल्यां,DAlyAM,डाहे,DAhe,1
Garhwali,च,cha,छी,ChI,1
Garhwali,वेगी,vegI,होइगी,hoigI,1
Garhwali,ई,I,ही,hI,1
Garhwali,भाख्रा,bhAkhrA,बाकरा,bAkarA,1
Garhwali,वेखुं,vekhuM,देखण,dekhaNa,1
Garhwali,यखा,yakhA,और,aura,1
Garhwali,हौंदा,hauMdA,होना,honA,1
Garhwali,जायूं,jAyUM,जाए,jAe,1
Garhwali,बणी,baNI,पड़ी,pa.DI,1
Garhwali,देखण,dekhaNa,जखाण,jakhANa,1
Garhwali,यख,yakha,याके,yAke,1
Garhwali,गौरु,gauru,गोर,gora,1
Garhwali,दूध,dUdha,दो,do,1
Garhwali,जखा,jakhA,जगह,jagaha,1
Garhwali,तुर्ण,turNa,उड़नी,u.DanI,1
Garhwali,ई,I,यं,yaM,1
Garhwali,जख,jakha,जहाँ,jahA.N,1
Garhwali,जैफर,jaiphara,जयपुर,jayapura,1
Garhwali,तख,takha,सब,saba,1
Garhwali,होली,holI,ओल,ola,1
Garhwali,हुंदा,huMdA,होनी,honI,1
Garhwali,युंकी,yuMkI,की,kI,1
Garhwali,लगायुं,lagAyuM,लगा,lagA,1
Garhwali,बणाणा,baNANA,बनाने,banAne,1
Garhwali,यखा,yakhA,जगह,jagaha,1
Garhwali,एक,eka,ये,ye,1
Garhwali,दगडियों,dagaDiyoM,देखणु,dekhaNu,1
Garhwali,जन,jana,जाने,jAne,1
Garhwali,छुटडू,ChuTaDU,छोटु,ChoTu,1
Garhwali,हम,hama,में,meM,1
Garhwali,ओण,oNa,आने,Ane,1
Garhwali,यू,yU,जो,jo,1
Garhwali,मल्ली,mallI,ले,le,1
Garhwali,लगण,lagaNa,लगने,lagane,1
Garhwali,ओण,oNa,होना,honA,1
Garhwali,किछी,kiChI,खींचिए,khIMchie,1
Garhwali,हें,heM,छने,Chane,1
Garhwali,बड़ू,ba.DU,बर्ड,barDa,1
Garhwali,भवाँ,bhavA.N,बा,bA,1
Garhwali,दुइयों,duiyoM,दूयो,dUyo,1
Garhwali,बिटि,biTi,पिटी,piTI,1
Garhwali,पिछाड़ि,piChA.Di,छड़ी,Cha.DI,1
Garhwali,जैकु,jaiku,जैखो,jaikho,1
Garhwali,कैका,kaikA,क्या,kyA,1
Garhwali,में,meM,मि,mi,1
Garhwali,द्योयल,dyoyala,दुयो,duyo,1
Garhwali,कूल,kUla,गोल,gola,1
Garhwali,यैकिम,yaikima,एक,eka,1
Garhwali,मनखिन,manakhina,नमकीन,namakIna,1
Garhwali,ये,ye,जो,jo,1
Garhwali,त,ta,तुम,tuma,1
Garhwali,दिखणियूं,dikhaNiyUM,देखने,dekhane,1
Garhwali,ढूँगान,DhU.NgAna,डुंगान,DuMgAna,1
Garhwali,हौर,haura,और,aura,1
Garhwali,यु,yu,जू,jU,1
Garhwali,बटिन,baTina,बिटीना,biTInA,1
Garhwali,तखमा,takhamA,तक,taka,1
Garhwali,गाडियां,gADiyAM,गार्डन,gArDana,1
Garhwali,अयीं,ayIM,अई,aI,1
Garhwali,यख,yakha,रखा,rakhA,1
Garhwali,हरी,harI,भारी,bhArI,1
Garhwali,अपड़ा,apa.DA,अपने,apane,1
Garhwali,च,cha,चुन,chuna,1
Garhwali,पीणा,pINA,पेणक,peNaka,1
Garhwali,म,ma,मुँह,mu.Nha,1
Garhwali,हुन्दी,hundI,होने,hone,1
Garhwali,चलण,chalaNa,चलना,chalanA,1
Garhwali,औंवा,auMvA,आऊं,AUM,1
Garhwali,हुयां,huyAM,हो,ho,1
Garhwali,तैक,taika,देखो,dekho,1
Garhwali,पैर्युं,pairyuM,पेरियो,periyo,1
Garhwali,खुल्या,khulyA,खुले,khule,1
Garhwali,खेलाण,khelANa,ख्याल,khyAla,1
Garhwali,पुत्ता,puttA,पूता,pUtA,1
Garhwali,हुयांन,huyAMna,होया,hoyA,1
Garhwali,ते,te,कई,kaI,1
Garhwali,यु,yu,इ,i,1
Garhwali,हयी,hayI,हई,haI,1
Garhwali,नाएणा,nAeNA,नायन,nAyana,1
Garhwali,बण्यां,baNyAM,बलिया,baliyA,1
Garhwali,कोई,koI,कु,ku,1
Garhwali,द्वि,dvi,दोइ,doi,1
Garhwali,पूत,pUta,पुत्र,putra,1
Garhwali,फहराईं,phaharAIM,पेराई,perAI,1
Garhwali,ते,te,पर,para,1
Garhwali,ब्युंला,byuMlA,डोला,DolA,1
Garhwali,लग्याँ,lagyA.N,लगे,lage,1
Garhwali,रख,rakha,राखी,rAkhI,1
Garhwali,यखा,yakhA,एका,ekA,1
Garhwali,वोल,vola,वाओ,vAo,1
Garhwali,लयांस,layAMsa,लायन,lAyana,1
Garhwali,औंद,auMda,होन,hona,1
Garhwali,बणायु,baNAyu,बनाइयों,banAiyoM,1
Garhwali,बणायु,baNAyu,बनाई,banAI,1
Garhwali,जफुण,japhuNa,जबो,jabo,1
Garhwali,लगाईं,lagAIM,लगे,lage,1
Garhwali,यख,yakha,छक्क,Chakka,1
Garhwali,या,yA,जैन,jaina,1
Garhwali,आहा,AhA,है,hai,1
Garhwali,यख,yakha,याका,yAkA,1
Garhwali,यख,yakha,याक,yAka,1
Garhwali,जों,joM,जू,jU,1
Garhwali,अपड़,apa.Da,अपने,apane,1
Garhwali,काटणु,kATaNu,का,kA,1
Garhwali,बणौंद,baNauMda,बनू,banU,1
Garhwali,चाय,chAya,चाही,chAhI,1
Garhwali,उ,u,वो,vo,1
Garhwali,बण्युं,baNyuM,बनी,banI,1
Garhwali,इथ्याँ,ithyA.N,इतने,itane,1
Garhwali,जा,jA,जैव,jaiva,1
Garhwali,यखे,yakhe,जैसे,jaise,1
Garhwali,आ,A,और,aura,1
Garhwali,खाई,khAI,खाये,khAye,1
Garhwali,निकल्यूं,nikalyUM,निकालुं,nikAluM,1
Garhwali,पुंगड़ि,puMga.Di,पोंगणी,poMgaNI,1
Garhwali,बणायिं,baNAyiM,बनाई,banAI,1
Garhwali,बणायी,baNAyI,बनाई,banAI,1
Garhwali,यू,yU,एवं,evaM,1
Garhwali,कोलियाँ,koliyA.N,कोले,kole,1
Garhwali,पर,para,फण,phaNa,1
Garhwali,जो,jo,तु,tu,1
Garhwali,कफ,kapha,काफी,kAphI,1
Garhwali,बिटिन,biTina,पुटिंग,puTiMga,1
Garhwali,छ,Cha,जो,jo,1
Garhwali,बाद,bAda,भाई,bhAI,1
Garhwali,ते,te,तैं,taiM,1
Garhwali,फुण,phuNa,फणु,phaNu,1
Garhwali,घौर,ghaura,गांव,gAMva,1
Garhwali,पणू,paNU,फणु,phaNu,1
Garhwali,वाला,vAlA,वावन,vAvana,1
Garhwali,बंद,baMda,बन,bana,1
Garhwali,येकु,yeku,इंको,iMko,1
Garhwali,अमणी,amaNI,मणि,maNi,1
Garhwali,मा,mA,मायूं,mAyUM,1
Garhwali,ज्यों,jyoM,जु,ju,1
Garhwali,ज़्यो,zyo,जून,jUna,1
Garhwali,बैठ्यां,baiThyAM,बैठे,baiThe,1
Garhwali,व्होलू,vholU,होल,hola,1
Garhwali,प्लग,plaga,पलक,palaka,1
Garhwali,आयां,AyAM,आय,Aya,1
Garhwali,अगाड़ी,agA.DI,अकाड,akADa,1
Garhwali,छैं,ChaiM,छ,Cha,1
Garhwali,औंदा,auMdA,ओंधा,oMdhA,1
Garhwali,होलु,holu,हो,ho,1
Garhwali,बीटी,bITI,बिटि,biTi,1
Garhwali,अपड,apaDa,पर,para,1
Garhwali,यक्खी,yakkhI,की,kI,1
Garhwali,बुलई,bulaI,डायरेक्ट,DAyarekTa,1
Garhwali,बुल्दी,buldI,बोलती,bolatI,1
Garhwali,अपर,apara,अपने,apane,1
Garhwali,रंदी,raMdI,जल्दी,jaldI,1
Garhwali,म,ma,का,kA,1
Garhwali,च,cha,से,se,1
Garhwali,जान्द,jAnda,जा,jA,1
Garhwali,आयी,AyI,आ,A,1
Garhwali,भी,bhI,में,meM,1
Garhwali,लगन्दी,lagandI,लगन,lagana,1
Garhwali,छुट्टू,ChuTTU,छोटू,ChoTU,1
Garhwali,आप,Apa,हम,hama,1
Garhwali,यु,yu,लोग,loga,1
Garhwali,लिखूं,likhUM,लिखियो,likhiyo,1
Garhwali,औंद,auMda,आनु,Anu,1
Garhwali,फूल,phUla,पेड़,pe.Da,1
Garhwali,टिहरी,TiharI,डेरी,DerI,1
Garhwali,पैल,paila,पहले,pahale,1
Garhwali,छिन,China,चिन्ह,chinha,1
Garhwali,पैथर,paithara,पैदल,paidala,1
Garhwali,कि,ki,तीन,tIna,1
Garhwali,ह्वेली,hvelI,बेली,belI,1
Garhwali,ह्वेली,hvelI,मिली,milI,1
Garhwali,न,na,है,hai,1
Garhwali,हुया,huyA,हो,ho,1
Garhwali,भौत,bhauta,बो,bo,1
Garhwali,ह्वालू,hvAlU,मालू,mAlU,1
Garhwali,इ,i,एक,eka,1
Garhwali,दुइ,dui,दी,dI,1
Garhwali,येका,yekA,एका,ekA,1
Garhwali,यूं,yUM,यु,yu,1
Garhwali,ओणा,oNA,अनुवणा,anuvaNA,1
Garhwali,खेल,khela,वगैर,vagaira,1
Garhwali,तें,teM,पे,pe,1
Garhwali,बनियन,baniyana,बनीना,banInA,1
Garhwali,हरी,harI,हरिं,hariM,1
Garhwali,यखभजि,yakhabhaji,जी,jI,1
Garhwali,वखैखै,vakhaikhai,वखा,vakhA,1
Garhwali,ओणा,oNA,होणा,hoNA,1
Garhwali,ब,ba,हम,hama,1
Garhwali,यांका,yAMkA,या,yA,1
Garhwali,होला,holA,हो,ho,1
Garhwali,चि,chi,छे,Che,1
Garhwali,च,cha,छो,Cho,1
Garhwali,येमा,yemA,मा,mA,1
Garhwali,त,ta,तथा,tathA,1
Garhwali,आपतैं,ApataiM,आपके,Apake,1
Garhwali,बणयू,baNayU,बनु,banu,1
Garhwali,दिख्युणूं,dikhyuNUM,दिखेणु,dikheNu,1
Garhwali,बण्याई,baNyAI,बडियाणी,baDiyANI,1
Garhwali,सायद,sAyada,साइड,sAiDa,1
Garhwali,दिख्येणा,dikhyeNA,देखीणा,dekhINA,1
Garhwali,दगडियों,dagaDiyoM,देखडु,dekhaDu,1
Garhwali,तों,toM,तौ,tau,1
Garhwali,चि,chi,छी,ChI,1
Garhwali,हुयीं,huyIM,हुई,huI,1
Garhwali,वालो,vAlo,वा,vA,1
Garhwali,द्वि,dvi,भी,bhI,1
Garhwali,जाणो,jANo,चरणों,charaNoM,1
Garhwali,होर,hora,और,aura,1
Garhwali,मनखी,manakhI,मुर्गी,murgI,1
Garhwali,होयां,hoyAM,हुआ,huA,1
Garhwali,जखमा,jakhamA,जख्म,jakhma,1
Garhwali,पन्ना,pannA,वरना,varanA,1
Garhwali,च,cha,छि,Chi,1
Garhwali,मेरे,mere,मैडम,maiDama,1
Garhwali,पैत्र,paitra,शायद,shAyada,1
Garhwali,की,kI,एक,eka,1
Garhwali,छिन,China,चाहिए,chAhie,1
Garhwali,क,ka,सा,sA,1
Garhwali,क,ka,छे,Che,1
Garhwali,धर्युं,dharyuM,धरे,dhare,1
Garhwali,ईं,IM,ही,hI,1
Garhwali,सक्दों,sakdoM,सकदु,sakadu,1
Garhwali,छिन,China,छीं,ChIM,1
Garhwali,या,yA,आप,Apa,1
Garhwali,वेका,vekA,एक,eka,1
Garhwali,गंगा,gaMgA,तुमका,tumakA,1
Garhwali,बिटि,biTi,बिडी,biDI,1
Garhwali,बैं,baiM,बाएं,bAeM,1
Garhwali,यख,yakha,चेक,cheka,1
Garhwali,यमु,yamu,हमें,hameM,1
Garhwali,बिटि,biTi,दुयूं,duyUM,1
Garhwali,इं,iM,ई,I,1
Garhwali,हुलु,hulu,होलू,holU,1
Garhwali,पैनु,painu,पहन,pahana,1
Garhwali,दिख्याणी,dikhyANI,दिखेण,dikheNa,1
Garhwali,बनौणु,banauNu,बन,bana,1
Garhwali,छिं,ChiM,छे,Che,1
Garhwali,आपथे,Apathe,आते,Ate,1
Garhwali,यम,yama,नेम,nema,1
Garhwali,गाडिन,gADina,गाडि़यां,gADi़yAM,1
Garhwali,पैरीं,pairIM,पहने,pahane,1
Garhwali,धरीं,dharIM,देरी,derI,1
Garhwali,ये,ye,है,hai,1
Garhwali,मथ्थी,maththI,मत,mata,1
Garhwali,च,cha,छन,Chana,1
Garhwali,लाइट,lAiTa,लैट,laiTa,1
Garhwali,से,se,छा,ChA,1
Garhwali,समिणी,samiNI,साडु,sADu,1
Garhwali,फुन,phuna,फणा,phaNA,1
Garhwali,ऐथर,aithara,अत्थर,atthara,1
Garhwali,सन,sana,छण,ChaNa,1
Garhwali,अलग,alaga,अगल,agala,1
Garhwali,सक्दो,sakdo,सकते,sakate,1
Garhwali,वेदम,vedama,एकदम,ekadama,1
Garhwali,इन,ina,एम,ema,1
Garhwali,सक्दो,sakdo,सर,sara,1
Garhwali,रेई,reI,रही,rahI,1
Garhwali,मथ्थी,maththI,मती,matI,1
Garhwali,भुरु,bhuru,भूरू,bhUrU,1
Garhwali,सक्दों,sakdoM,सदो,sado,1
Garhwali,दगड़ियों,daga.DiyoM,लगणु,lagaNu,1
Garhwali,यखम,yakhama,यकाम,yakAma,1
Garhwali,गों,goM,गाँव,gA.Nva,1
Garhwali,ई,I,पी,pI,1
Garhwali,ते,te,नहीं,nahIM,1
Garhwali,ह्वोलु,hvolu,आलो,Alo,1
Garhwali,द्वि,dvi,दू,dU,1
Garhwali,भैर,bhaira,बाहर,bAhara,1
Garhwali,हुया,huyA,होइयां,hoiyAM,1
Garhwali,इक्छक,ikChaka,शिक्षक,shikShaka,1
Garhwali,चुटर्न,chuTarna,चूल्डन,chUlDana,1
Garhwali,लिगेक,ligeka,लगी,lagI,1
Garhwali,ऊ,U,यूं,yUM,1
Garhwali,मन्खिन,mankhina,मंकीन,maMkIna,1
Garhwali,मन्खि,mankhi,मनकीन,manakIna,1
Garhwali,अगाडी,agADI,घड़ी,gha.DI,1
Garhwali,व्हा,vhA,वहाँ,vahA.N,1
Garhwali,छुट्टी,ChuTTI,छोटी,ChoTI,1
Garhwali,बण्यु,baNyu,बनु,banu,1
Garhwali,खणान,khaNAna,खड़ाना,kha.DAnA,1
Garhwali,द्वे,dve,दो,do,1
Garhwali,हव्यां,havyAM,होया,hoyA,1
Garhwali,अखा,akhA,क,ka,1
Garhwali,छो,Cho,छोटू,ChoTU,1
Garhwali,बिटि,biTi,बड़ी,ba.DI,1
Garhwali,अयीं,ayIM,है,hai,1
Garhwali,सहट,sahaTa,शहर,shahara,1
Garhwali,ज्यू,jyU,जियो,jiyo,1
Garhwali,इथगा,ithagA,पितका,pitakA,1
Garhwali,लिख्युं,likhyuM,लिखी,likhI,1
Garhwali,कनु,kanu,करलि,karali,1
Garhwali,कनु,kanu,करना,karanA,1
Garhwali,रेह्न्दा,rehndA,रंद,raMda,1
Garhwali,युहीं,yuhIM,यू,yU,1
Garhwali,मरनक,maranaka,माना,mAnA,1
Garhwali,थैं,thaiM,तें,teM,1
Garhwali,क्वि,kvi,कोई,koI,1
Garhwali,अफड़ा,apha.DA,अपना,apanA,1
Garhwali,तैका,taikA,सहायिका,sahAyikA,1
Garhwali,भैर,bhaira,भय,bhaya,1
Garhwali,सज्युं,sajyuM,सजों,sajoM,1
Garhwali,नौना,naunA,नान,nAna,1
Garhwali,याँ,yA.N,य,ya,1
Garhwali,घौरो,ghauro,और,aura,1
Garhwali,औण,auNa,होणा,hoNA,1
Garhwali,आगई,AgaI,आए,Ae,1
Garhwali,यखा,yakhA,यकाध,yakAdha,1
Garhwali,यख्मू,yakhmU,यह,yaha,1
Garhwali,ऐगी,aigI,आएगी,AegI,1
Garhwali,कि,ki,जो,jo,1
Garhwali,नीसाण,nIsANa,निशान,nishAna,1
Garhwali,पुंगड़ू,puMga.DU,पंगणो,paMgaNo,1
Garhwali,याक,yAka,यहाँ,yahA.N,1
Garhwali,तेकू,tekU,तेगु,tegu,1
Garhwali,पेरीं,perIM,पहनी,pahanI,1
Garhwali,बतक,bataka,बत्तख,battakha,1
Garhwali,ये,ye,यंहा,yaMhA,1
Garhwali,जनकि,janaki,उनकी,unakI,1
Garhwali,मा,mA,मिक्स,miksa,1
Garhwali,कलन,kalana,करण,karaNa,1
Garhwali,डालू,DAlU,दाव,dAva,1
Garhwali,लग्यां,lagyAM,लगी,lagI,1
Garhwali,आयूँ,AyU.N,आयु,Ayu,1
Garhwali,लग्यां,lagyAM,लगीं,lagIM,1
Garhwali,रंग,raMga,कलर,kalara,1
Garhwali,साइड,sAiDa,सेट,seTa,1
Garhwali,ईं,IM,ये,ye,1
Garhwali,बणो,baNo,बाणु,bANu,1
Garhwali,चीन,chIna,छन,Chana,1
Garhwali,पीछे,pIChe,बीच,bIcha,1
Garhwali,अब,aba,के,ke,1
Garhwali,सट्ट,saTTa,छठ,ChaTha,1
Garhwali,दिख्याणी,dikhyANI,दिखे,dikhe,1
Garhwali,तेखा,tekhA,देखो,dekho,1
Garhwali,लैन,laina,लाइन,lAina,1
Garhwali,हुंदा,huMdA,हदल,hadala,1
Garhwali,यू,yU,कायु,kAyu,1
Garhwali,भौंत,bhauMta,बहुत,bahuta,1
Garhwali,ह्वोई,hvoI,मई,maI,1
Garhwali,पैर्यां,pairyAM,पहने,pahane,1
Garhwali,निके,nike,दिखे,dikhe,1
Garhwali,ना,nA,है,hai,1
Garhwali,बक्ति,bakti,वक्तेर,vaktera,1
Garhwali,लगणु,lagaNu,लगना,laganA,1
Garhwali,काग्रि,kAgri,कागज,kAgaja,1
Garhwali,यखम,yakhama,अगम,agama,1
Garhwali,पडंक,paDaMka,पणक,paNaka,1
Garhwali,दिख्याला,dikhyAlA,देखला,dekhalA,1
Garhwali,एणक,eNaka,एण्ड,eNDa,1
Garhwali,लगीं,lagIM,लगे,lage,1
Garhwali,तख,takha,देख,dekha,1
Garhwali,बीचों,bIchoM,बिचौ,bichau,1
Garhwali,यू,yU,एक,eka,1
Garhwali,दिखेणी,dikheNI,दिखने,dikhane,1
Garhwali,मे,me,मैं,maiM,1
Garhwali,यख,yakha,देखिए,dekhie,1
Garhwali,धरीं,dharIM,धरे,dhare,1
Garhwali,आठ,ATha,और,aura,1
Garhwali,बणाये,baNAye,बनाए,banAe,1
Garhwali,रंदु,raMdu,रम,rama,1
Garhwali,चाट्ठी,chATThI,चाटने,chATane,1
Garhwali,कूड़ु,kU.Du,कोडो,koDo,1
Garhwali,वईं,vaIM,हुई,huI,1
Garhwali,डलन,Dalana,लगुन,laguna,1
Garhwali,औंण,auMNa,होण,hoNa,1
Garhwali,पोर,pora,पाट,pATa,1
Garhwali,वा,vA,हुआ,huA,1
Garhwali,लग्णु,lagNu,लगनो,lagano,1
Garhwali,टाँग्युं,TA.NgyuM,टायं,TAyaM,1
Garhwali,बणायु,baNAyu,बने,bane,1
Garhwali,पकड़ि,paka.Di,पकणी,pakaNI,1
Garhwali,ईं,IM,यू,yU,1
Garhwali,सण,saNa,छणा,ChaNA,1
Garhwali,कै,kai,क्या,kyA,1
Garhwali,च,cha,चला,chalA,1
Garhwali,ऊबे,Ube,उगै,ugai,1
Garhwali,तेकु,teku,एक,eka,1
Garhwali,अपुर,apura,अपन,apana,1
Garhwali,जांद,jAMda,जाती,jAtI,1
Garhwali,बोभोत,bobhota,बहुत,bahuta,1
Garhwali,दग्डियों,dagDiyoM,दगड्यू,dagaDyU,1
Garhwali,ज्यक,jyaka,जैक,jaika,1
Garhwali,द्वि,dvi,ये,ye,1
Garhwali,बिठिन,biThina,उतिन,utina,1
Garhwali,पड़्यूं,pa.DyUM,परियो,pariyo,1
Garhwali,ए,e,ये,ye,1
Garhwali,बिन,bina,भी,bhI,1
Garhwali,हमी,hamI,मि,mi,1
Garhwali,जेपर,jepara,जू,jU,1
Garhwali,वै,vai,उवे,uve,1
Garhwali,घामण,ghAmaNa,घावन,ghAvana,1
Garhwali,लगि,lagi,लगीं,lagIM,1
Garhwali,लैटा,laiTA,लाइट,lAiTa,1
Garhwali,च,cha,चीज़,chIza,1
Garhwali,माछा,mAChA,मा,mA,1
Marwari,रेयो,reyo,रही,rahI,1
Marwari,वार्या,vAryA,उरिया,uriyA,1
Marwari,राखिया,rAkhiyA,रखे,rakhe,1
Marwari,हरे,hare,हरिया,hariyA,1
Marwari,राख्या,rAkhyA,रखी,rakhI,1
Marwari,बनान,banAna,बणा,baNA,1
Marwari,रिया,riyA,री,rI,1
Marwari,फोटो,phoTo,ऑटो,ऑTo,1
Marwari,और,aura,रे,re,1
Marwari,ऐ,ai,रे,re,1
Marwari,आरी,ArI,रही,rahI,1
Marwari,खड़िया,kha.DiyA,खड़े,kha.De,1
Marwari,अठे,aThe,और,aura,1
Marwari,हमने,hamane,ने,ne,1
Marwari,लगायोड़ी,lagAyo.DI,लगाई,lagAI,1
Marwari,बनी,banI,बनाई,banAI,1
Marwari,लिए,lie,ले,le,1
Marwari,ये,ye,जो,jo,1
Marwari,बना,banA,बनाड़ा,banA.DA,1
Marwari,पानी,pAnI,पुराने,purAne,1
Marwari,पूरी,pUrI,पड़,pa.Da,1
Marwari,हेंगर,heMgara,एंगल,eMgala,1
Marwari,हम,hama,सब,saba,1
Marwari,बनायेडा,banAyeDA,बनाए,banAe,1
Marwari,थे,the,त,ta,1
Marwari,सको,sako,सकूं,sakUM,1
Marwari,बीके,bIke,के,ke,1
Marwari,दो,do,धूप,dhUpa,1
Marwari,बेडसीट,beDasITa,सीट,sITa,1
Marwari,से,se,शायद,shAyada,1
Marwari,से,se,छै,Chai,1
Marwari,दिखाई,dikhAI,देखी,dekhI,1
Marwari,व,va,या,yA,1
Marwari,टोकरी,TokarI,टोगड़ियों,Toga.DiyoM,1
Marwari,घुड़,ghu.Da,दूर,dUra,1
Marwari,थैलो,thailo,ठेलो,Thelo,1
Marwari,जकी,jakI,जो,jo,1
Marwari,चिज्जााँ,chijjAA.N,चीजा,chIjA,1
Marwari,इति,iti,इतनी,itanI,1
Marwari,बौली,baulI,बड़ी,ba.DI,1
Marwari,बनयेदो,banayedo,बनाएडु,banAeDu,1
Marwari,ए,e,ये,ye,1
Marwari,जलंगा,jalaMgA,झाड़ंगा,jhA.DaMgA,1
Marwari,पेड़ा,pe.DA,केणा,keNA,1
Marwari,वहा,vahA,मांड,mAMDa,1
Marwari,गाडिया,gADiyA,गाड़ी,gA.DI,1
Marwari,अठ,aTha,अठिन,aThina,1
Marwari,यो,yo,यामण,yAmaNa,1
Marwari,टाबर,TAbara,टम्पर,Tampara,1
Marwari,अठीने,aThIne,तीन,tIna,1
Marwari,रख्याे,rakhyAe,रखी,rakhI,1
Marwari,बठीने,baThIne,बटिना,baTinA,1
Marwari,पहले,pahale,कोई,koI,1
Marwari,धोली,dholI,दौड़ी,dau.DI,1
Marwari,से,se,छो,Cho,1
Marwari,चालन,chAlana,चलने,chalane,1
Marwari,बीचो,bIcho,जो,jo,1
Marwari,कोट,koTa,कोर्स,korsa,1
Marwari,लगायेंडी,lagAyeMDI,लगाई,lagAI,1
Marwari,उसमे,usame,अर्बन,arbana,1
Marwari,इस,isa,ये,ye,1
Marwari,राखो,rAkho,रखियो,rakhiyo,1
Marwari,सुथरो,sutharo,सूत्रो,sUtro,1
Marwari,भुरा,bhurA,गोला,golA,1
Marwari,है,hai,बक,baka,1
Marwari,खड़ा,kha.DA,खड़ियो,kha.Diyo,1
Marwari,में,meM,हम,hama,1
Marwari,का,kA,पर,para,1
Marwari,मय,maya,में,meM,1
Marwari,रेया,reyA,रहे,rahe,1
Marwari,कार्य,kArya,तारिया,tAriyA,1
Marwari,नयो,nayo,इन्हें,inheM,1
Marwari,बठिन,baThina,मटन,maTana,1
Marwari,तो,to,है,hai,1
Marwari,या,yA,यहाँ,yahA.N,1
Marwari,उसमे,usame,उस्म,usma,1
Marwari,रखियो,rakhiyo,राखी,rAkhI,1
Marwari,पड़ीया,pa.DIyA,पड़े,pa.De,1
Marwari,यह,yaha,एक,eka,1
Marwari,आला,AlA,वाला,vAlA,1
Marwari,इन्ने,inne,इन,ina,1
Marwari,इस,isa,के,ke,1
Marwari,बनायेड़ो,banAye.Do,बनाडे,banADe,1
Marwari,आरो,Aro,वालो,vAlo,1
Marwari,केन,kena,गण,gaNa,1
Marwari,जिक,jika,जिगे,jige,1
Marwari,धोल,dhola,दोड़ा,do.DA,1
Marwari,ही,hI,छोटा,ChoTA,1
Marwari,हुये,huye,हुए,hue,1
Marwari,जक,jaka,देखा,dekhA,1
Marwari,इने,ine,इन्ना,innA,1
Marwari,हस्स,hassa,हंस,haMsa,1
Marwari,धोला,dholA,दोड़ा,do.DA,1
Marwari,धोळो,dhoLo,दोड़ो,do.Do,1
Marwari,ही,hI,गर्ली,garlI,1
Marwari,अटे,aTe,अड़,a.Da,1
Marwari,बोर्ड,borDa,बूट,bUTa,1
Marwari,जो,jo,नीचे,nIche,1
Marwari,जना,janA,देना,denA,1
Marwari,बड़ो,ba.Do,फोटो,phoTo,1
Marwari,लगा,lagA,बंधा,baMdhA,1
Marwari,फर्श,pharsha,फरस,pharasa,1
Marwari,जाली,jAlI,झाड़ू,jhA.DU,1
Marwari,ये,ye,इस,isa,1
Marwari,आरो,Aro,लड़ो,la.Do,1
Marwari,और,aura,कोई,koI,1
Marwari,की,kI,पार्क,pArka,1
Marwari,आठे,AThe,और,aura,1
Marwari,नलकी,nalakI,लड़के,la.Dake,1
Marwari,जांटी,jAMTI,झंडी,jhaMDI,1
Marwari,उरे,ure,पूरे,pUre,1
Marwari,वेबल,vebala,टॉपर,Taॉpara,1
Marwari,रहियो,rahiyo,दें,deM,1
Marwari,और,aura,एक,eka,1
Marwari,होली,holI,खेल,khela,1
Marwari,बहोत,bahota,भूत,bhUta,1
Marwari,धोळी,dhoLI,झोली,jholI,1
Marwari,स,sa,है,hai,1
Marwari,इट,iTa,ईंट,IMTa,1
Marwari,भित्तेरे,bhittere,भीतर,bhItara,1
Marwari,लो,lo,लोहे,lohe,1
Marwari,धोला,dholA,बड़ा,ba.DA,1
Marwari,आणि,ANi,अणी,aNI,1
Marwari,मेन,mena,मने,mane,1
Marwari,भोळी,bhoLI,बड़ी,ba.DI,1
Marwari,री,rI,से,se,1
Marwari,हूक,hUka,हुकी,hukI,1
Marwari,घाना,ghAnA,घणा,ghaNA,1
Marwari,निरा,nirA,नया,nayA,1
Marwari,झाडी,jhADI,जड़े,ja.De,1
Marwari,घनी,ghanI,पाणी,pANI,1
Marwari,दर्शन,darshana,बासु,bAsu,1
Marwari,परदुसन,paradusana,प्रदूषण,pradUShaNa,1
Marwari,है,hai,हुआ,huA,1
Marwari,आली,AlI,वाल,vAla,1
Marwari,सुरक्षित,surakShita,सुसभि,susabhi,1
Marwari,यह,yaha,यहाँ,yahA.N,1
Marwari,अणि,aNi,पानी,pAnI,1
Marwari,चप्पला,chappalA,चपल,chapala,1
Marwari,बेश,besha,भैंस,bhaiMsa,1
Marwari,और,aura,यार,yAra,1
Marwari,रख्यो,rakhyo,रखी,rakhI,1
Marwari,राख्यो,rAkhyo,रखी,rakhI,1
Marwari,निला,nilA,फुला,phulA,1
Marwari,जकी,jakI,जेखी,jekhI,1
Marwari,खभों,khabhoM,खंभा,khaMbhA,1
Marwari,पेरे,pere,पर,para,1
Marwari,और,aura,दो,do,1
Marwari,तिसल,tisala,तीसड़,tIsa.Da,1
Marwari,चे,che,छो,Cho,1
Marwari,चे,che,छा,ChA,1
Marwari,पहन्द्र,pahandra,पंद्रह,paMdraha,1
Marwari,घणा,ghaNA,बना,banA,1
Marwari,जिया,jiyA,जी,jI,1
Marwari,काई,kAI,काही,kAhI,1
Marwari,मतबल,matabala,मतलब,matalaba,1
Marwari,यह,yaha,टापू,TApU,1
Marwari,कर,kara,हो,ho,1
Marwari,रेड,reDa,रैक,raika,1
Marwari,यो,yo,ऊ,U,1
Marwari,बना,banA,मणामक,maNAmaka,1
Marwari,या,yA,और,aura,1
Marwari,ब,ba,और,aura,1
Marwari,है,hai,और,aura,1
Marwari,पर,para,में,meM,1
Marwari,बीके,bIke,पीछे,pIChe,1
Marwari,बहुत,bahuta,खूब,khUba,1
Marwari,कन,kana,कन्नई,kannaI,1
Marwari,बहुत,bahuta,बड़ा,ba.DA,1
Marwari,ये,ye,और,aura,1
Marwari,का,kA,करे,kare,1
Marwari,लग,laga,दिख,dikha,1
Marwari,के,ke,पर,para,1
Marwari,छत,Chata,छाता,ChAtA,1
Marwari,के,ke,खच्चर,khachchara,1
Marwari,खबे,khabe,खंभे,khaMbhe,1
Marwari,धोली,dholI,ढोल,Dhola,1
Marwari,इया,iyA,यह,yaha,1
Marwari,हैं,haiM,ने,ne,1
Marwari,करेड़ी,kare.DI,ग्रेडी,greDI,1
Marwari,इतना,itanA,घणा,ghaNA,1
Marwari,कन,kana,ने,ne,1
Marwari,एक्वा,ekvA,टेपो,Tepo,1
Marwari,राजा,rAjA,महादेव,mahAdeva,1
Marwari,लगा,lagA,लाग,lAga,1
Marwari,ई,I,कने,kane,1
Marwari,लगोडा,lagoDA,लागू,lAgU,1
Marwari,सो,so,शौक,shauka,1
Marwari,राखो,rAkho,रख्यो,rakhyo,1
Marwari,घाना,ghAnA,बड़ा,ba.DA,1
Marwari,बंकिन,baMkina,नमकीन,namakIna,1
Marwari,लगी,lagI,अडी,aDI,1
Marwari,बनाएडो,banAeDo,बना,banA,1
Marwari,सोक,soka,शॉप,shaॉpa,1
Marwari,ए_सी,e_sI,एशिया,eshiyA,1
Marwari,प्लेट,pleTa,फ्लैग,phlaiga,1
Marwari,न,na,एक,eka,1
Marwari,ऊबे,Ube,भी,bhI,1
Marwari,घनी,ghanI,कणी,kaNI,1
Marwari,घणी,ghaNI,घने,ghane,1
Marwari,भीत,bhIta,भेट,bheTa,1
Marwari,रिया,riyA,भी,bhI,1
Marwari,अटे,aTe,ते,te,1
Marwari,रे,re,रही,rahI,1
Marwari,निसैनी,nisainI,सन्नी,sannI,1
Marwari,जो,jo,और,aura,1
Marwari,हरया,harayA,हरे,hare,1
Marwari,छपरो,Chaparo,छपडु,ChapaDu,1
Marwari,अठीन,aThIna,ठिन,Thina,1
Marwari,जेका,jekA,जत,jata,1
Marwari,बणयोडो,baNayoDo,बनेडो,baneDo,1
Marwari,अठे,aThe,एट,eTa,1
Marwari,लागेङो,lAge~No,लगीरु,lagIru,1
Marwari,हुआ,huA,होया,hoyA,1
Marwari,इनली,inalI,इन,ina,1
Marwari,आयेड़ा,Aye.DA,हेडा,heDA,1
Marwari,कोणी,koNI,कोना,konA,1
Marwari,झको,jhako,जो,jo,1
Marwari,बड़ी,ba.DI,बढ़िया,ba.DhiyA,1
Marwari,अठीने,aThIne,टिन,Tina,1
Marwari,बोली,bolI,भोले,bhole,1
Marwari,जीके,jIke,जी,jI,1
Marwari,शायद,shAyada,साइड,sAiDa,1
Marwari,इने,ine,इतना,itanA,1
Marwari,रया,rayA,रहे,rahe,1
Marwari,इक्कटा,ikkaTA,इकट्ठा,ikaTThA,1
Marwari,मु,mu,मुंह,muMha,1
Marwari,गेट,geTa,बेहद,behada,1
Marwari,टेमपुड़ा,Temapu.DA,टेम्पो,Tempo,1
Marwari,अठे,aThe,अच्छे,achChe,1
Marwari,इक,ika,इंको,iMko,1
Marwari,सीधी,sIdhI,सदी,sadI,1
Marwari,सिडिंया,siDiMyA,सीढ़ियां,sI.DhiyAM,1
Marwari,करयोडो,karayoDo,करेडु,kareDu,1
Marwari,भटीन,bhaTIna,बठिन,baThina,1
Marwari,लुगाईया,lugAIyA,गै,gai,1
Marwari,सिडिया,siDiyA,सीढ़ियां,sI.DhiyAM,1
Marwari,रख्यो,rakhyo,रखे,rakhe,1
Marwari,और,aura,ओ,o,1
Marwari,उस,usa,और,aura,1
Marwari,काशा,kAshA,कई,kaI,1
Marwari,रया,rayA,ड्या,DyA,1
Marwari,अठे,aThe,हटे,haTe,1
Marwari,व्यक्ति,vyakti,लकती,lakatI,1
Marwari,तकी,takI,रखी,rakhI,1
Marwari,अनी,anI,राणी,rANI,1
Marwari,मिर्च,mircha,में,meM,1
Marwari,जनिए,janie,जड़िया,ja.DiyA,1
Marwari,रखयो,rakhayo,रखी,rakhI,1
Marwari,बीर,bIra,भी,bhI,1
Marwari,उबा,ubA,हुआ,huA,1
Marwari,रिओ,rio,रही,rahI,1
Marwari,वठे,vaThe,बट,baTa,1
Marwari,पै,pai,पेंट,peMTa,1
Marwari,मूर्ती,mUrtI,मुट्ठी,muTThI,1
Marwari,ग्रेलि,greli,गैलरी,gailarI,1
Marwari,आछी,AChI,अच्छी,achChI,1
Marwari,के,ke,री,rI,1
Marwari,अपने,apane,आपणे,ApaNe,1
Marwari,बनोड़ों,bano.DoM,बनो,bano,1
Marwari,आलो,Alo,अलग,alaga,1
Marwari,लीखेड़ो,lIkhe.Do,लिखणु,likhaNu,1
Marwari,को,ko,कुन,kuna,1
Marwari,लागेड़ो,lAge.Do,लागण,lAgaNa,1
Marwari,खम्बो,khambo,थंबू,thaMbU,1
Marwari,बाहर,bAhara,बारह,bAraha,1
Marwari,ईके,Ike,एक,eka,1
Marwari,माते,mAte,में,meM,1
Marwari,स्टैंड,sTaiMDa,स्टील,sTIla,1
Marwari,कलर,kalara,अंदर,aMdara,1
Marwari,लुगाई,lugAI,लोग,loga,1
Marwari,आगे,Age,आगुन,Aguna,1
Marwari,जीके,jIke,देखो,dekho,1
Marwari,घने,ghane,गणेश,gaNesha,1
Marwari,जीके,jIke,जगह,jagaha,1
Marwari,लगाएड़ा,lagAe.DA,लगा,lagA,1
Marwari,लिखर,likhara,लेकर,lekara,1
Marwari,बढ़िया,ba.DhiyA,बड़ी,ba.DI,1
Marwari,गोलियां,goliyAM,घोड़े,gho.De,1
Marwari,है,hai,में,meM,1
Marwari,बैठ्या,baiThyA,बैठे,baiThe,1
Marwari,थैला,thailA,ठेला,ThelA,1
Marwari,लडिजे,laDije,लेडीज,leDIja,1
Marwari,लागेडो,lAgeDo,लागु,lAgu,1
Marwari,लिखेड़ो,likhe.Do,लिख्यु,likhyu,1
Marwari,आदमी,AdamI,लोग,loga,1
Marwari,ऊपर,Upara,पार,pAra,1
Marwari,रहे,rahe,जो,jo,1
Marwari,है,hai,हां,hAM,1
Marwari,दुकाना,dukAnA,मार्केट,mArkeTa,1
Marwari,रो,ro,का,kA,1
Marwari,लागेड़ो,lAge.Do,लकड़ा,laka.DA,1
Marwari,संख,saMkha,फूलने,phUlane,1
Marwari,ओरु,oru,और,aura,1
Marwari,हैं,haiM,जे,je,1
Marwari,चार,chAra,जना,janA,1
Marwari,छे,Che,जा,jA,1
Marwari,आमदी,AmadI,आदमी,AdamI,1
Marwari,पीलो,pIlo,फ्री,phrI,1
Marwari,नया,nayA,नुआ,nuA,1
Marwari,पड़ी,pa.DI,पड़िया,pa.DiyA,1
Marwari,घणा,ghaNA,गण,gaNa,1
Marwari,हो,ho,होता,hotA,1
Marwari,यहा,yahA,जहां,jahAM,1
Marwari,अठ,aTha,अतो,ato,1
Marwari,बोली,bolI,बोहोत,bohota,1
Marwari,ऊं,UM,एवं,evaM,1
Marwari,जठे,jaThe,जैसे,jaise,1
Marwari,जठे,jaThe,जर,jara,1
Marwari,लौह,lauha,लो,lo,1
Marwari,पेंरोडा,peMroDA,पहनोड़ा,pahano.DA,1
Marwari,र,ra,है,hai,1
Marwari,लुगायाँ,lugAyA.N,लोग,loga,1
Marwari,पहने,pahane,पह,paha,1
Marwari,ये,ye,बस,basa,1
Marwari,बसा,basA,बसों,basoM,1
Marwari,ईमे,Ime,इनमें,inameM,1
Marwari,लगायडी,lagAyaDI,लगाई,lagAI,1
Marwari,थैली,thailI,ठेली,ThelI,1
Marwari,इधर,idhara,पाउडर,pAuDara,1
Marwari,लुगाई,lugAI,लोगाइड,logAiDa,1
Marwari,कलर,kalara,किले,kile,1
Marwari,ऊपर,Upara,में,meM,1
Marwari,इ,i,एक,eka,1
Marwari,आदमी,AdamI,आदमियों,AdamiyoM,1
Marwari,सामे,sAme,सामिया,sAmiyA,1
Marwari,वाला,vAlA,आडू,ADU,1
Marwari,गाड़ी,gA.DI,गाडियां,gADiyAM,1
Marwari,झकी,jhakI,देखिए,dekhie,1
Marwari,इसके,isake,के,ke,1
Marwari,लगायेडा,lagAyeDA,लगाई,lagAI,1
Marwari,अठ,aTha,एड,eDa,1
Marwari,जिको,jiko,जीगो,jIgo,1
Marwari,लाय,lAya,लिया,liyA,1
Marwari,तीस्ता,tIstA,टिष्टा,TiShTA,1
Marwari,म,ma,मस्त,masta,1
Marwari,तिल,tila,इ,i,1
Marwari,ऐ,ai,है,hai,1
Marwari,केंप,keMpa,कैम्पर,kaimpara,1
Marwari,आंध्रा,AMdhrA,केनारा,kenArA,1
Marwari,उन,una,उन्हे,unhe,1
Marwari,घणी,ghaNI,गाणा,gANA,1
Marwari,लुगाई,lugAI,लगाया,lagAyA,1
Marwari,ग्राहक,grAhaka,गिराई,girAI,1
Marwari,परदा,paradA,पर्दों,pardoM,1
Marwari,एक,eka,और,aura,1
Marwari,अठन,aThana,टीन,TIna,1
Marwari,बाठने,bAThane,बटिन,baTina,1
Marwari,लाते,lAte,लारा,lArA,1
Marwari,बठन,baThana,बटिन,baTina,1
Marwari,यह,yaha,इम,ima,1
Marwari,मेलियो,meliyo,मिलु,milu,1
Marwari,फ़ुटेडा,fuTeDA,पुठेड़ा,puThe.DA,1
Marwari,अठन,aThana,बट,baTa,1
Marwari,टैटूडो,TaiTUDo,रेतुल,retula,1
Marwari,खंडेडॉ,khaMDeDaॉ,खेंडड़ा,kheMDa.DA,1
Marwari,खण्डेडा,khaNDeDA,गिंडेड़ा,giMDe.DA,1
Marwari,में,meM,का,kA,1
Marwari,मेलियो,meliyo,मिलवे,milave,1
Marwari,कन,kana,करना,karanA,1
Marwari,बणियोडो,baNiyoDo,बनेडो,baneDo,1
Marwari,चढ़ा,cha.DhA,चड्ढे,chaDDhe,1
Marwari,अठ,aTha,एट,eTa,1
Marwari,औरतें,aurateM,और,aura,1
Marwari,लगी,lagI,की,kI,1
Marwari,छोरिया,ChoriyA,सूर्या,sUryA,1
Marwari,इन,ina,इतना,itanA,1
Marwari,तो,to,पर,para,1
Marwari,खडया,khaDayA,खड़े,kha.De,1
Marwari,छोरिया,ChoriyA,छोरे,Chore,1
Marwari,पंखों,paMkhoM,फंको,phaMko,1
Marwari,माइन,mAina,महीने,mahIne,1
Marwari,हिर्रो,hirro,हीरो,hIro,1
Marwari,पेढिया,peDhiyA,पेड़,pe.Da,1
Marwari,अठन,aThana,तीन,tIna,1
Marwari,बी,bI,वे,ve,1
Marwari,जीके,jIke,जिगर,jigara,1
Marwari,यानि,yAni,इन्होंने,inhoMne,1
Marwari,हॉलेसलेस,haॉlesalesa,होलसेल,holasela,1
Marwari,स्टेण्ड,sTeNDa,स्टैंड्स,sTaiMDsa,1
Marwari,टैंट,TaiMTa,टेन,Tena,1
Marwari,अठीन,aThIna,तीन,tIna,1
Marwari,बोजा,bojA,भुजा,bhujA,1
Marwari,किवाड़,kivA.Da,कुआड़,kuA.Da,1
Marwari,धोलो,dholo,दोड़ो,do.Do,1
Marwari,दुकड़ा,duka.DA,दुबला,dubalA,1
Marwari,लकड़ी,laka.DI,लकड़ियों,laka.DiyoM,1
Marwari,ई,I,इन,ina,1
Marwari,ऊ,U,उस,usa,1
Marwari,इमें,imeM,इम,ima,1
Marwari,और,aura,भी,bhI,1
Marwari,यहाँ,yahA.N,और,aura,1
Marwari,एक,eka,का,kA,1
Marwari,जीका,jIkA,जगह,jagaha,1
Marwari,ई,I,यम,yama,1
Marwari,जाली,jAlI,जनी,janI,1
Marwari,लागि,lAgi,लगी,lagI,1
Marwari,जालांघा,jAlAMghA,झाड़ंगा,jhA.DaMgA,1
Marwari,हरयो,harayo,हर,hara,1
Marwari,जीने,jIne,जिन्हें,jinheM,1
Marwari,धूल,dhUla,दूर,dUra,1
Marwari,जीका,jIkA,जहां,jahAM,1
Marwari,गएडी,gaeDI,गई,gaI,1
Marwari,सगला,sagalA,सरा,sarA,1
Marwari,जगा,jagA,छला,ChalA,1
Marwari,गाल,gAla,कर,kara,1
Marwari,खानो,khAno,खाणु,khANu,1
Marwari,ई,I,एक,eka,1
Marwari,माते,mAte,पर,para,1
Marwari,दियोड़ो,diyo.Do,देडो,deDo,1
Marwari,आगली,AgalI,आखिरी,AkhirI,1
Marwari,रंग,raMga,रोड,roDa,1
Marwari,छिंयोडी,ChiMyoDI,छीनेरी,ChInerI,1
Marwari,जेट,jeTa,जटे,jaTe,1
Marwari,एड,eDa,अंडे,aMDe,1
Marwari,जनलर,janalara,जनरल,janarala,1
Marwari,बैगडी,baigaDI,बेकड़ी,beka.DI,1
Marwari,पेरा,perA,पहरिया,pahariyA,1
Marwari,खडीया,khaDIyA,खड़े,kha.De,1
Marwari,डी,DI,गई,gaI,1
Marwari,है,hai,पर्दा,pardA,1
Marwari,बहोत,bahota,बड़ा,ba.DA,1
Marwari,झूलो,jhUlo,झुल्लो,jhullo,1
Marwari,हम्म,hamma,ओम,oma,1
Marwari,बून,bUna,बुन्ना,bunnA,1
Marwari,की,kI,क्यू,kyU,1
Marwari,मछली,maChalI,मछलियां,maChaliyAM,1
Marwari,ये,ye,ए,e,1
Marwari,मेल्या,melyA,बैले,baile,1
Marwari,उने,une,उन्नो,unno,1
Marwari,अठीन,aThIna,कठिन,kaThina,1
Marwari,आधी,AdhI,आदि,Adi,1
Marwari,भटीने,bhaTIne,बठिने,baThine,1
Marwari,खडयो,khaDayo,खड़े,kha.De,1
Marwari,अठीने,aThIne,ठिन,Thina,1
Marwari,होला,holA,ओला,olA,1
Marwari,आ,A,का,kA,1
Marwari,जाली,jAlI,झाड़ी,jhA.DI,1
Marwari,आली,AlI,वाली,vAlI,1
Marwari,लागेडॉ,lAgeDaॉ,लगडो,lagaDo,1
Marwari,पिल,pila,पीलो,pIlo,1
Marwari,री,rI,रहे,rahe,1
Marwari,बातिने,bAtine,बठिन,baThina,1
Marwari,जकी,jakI,चक्की,chakkI,1
Marwari,अठन,aThana,टिन,Tina,1
Marwari,रिहो,riho,रही,rahI,1
Marwari,इत्ता,ittA,इत,ita,1
Marwari,मिट्टी,miTTI,मीटर,mITara,1
Marwari,खम्बो,khambo,खंभा,khaMbhA,1
Marwari,लगायेड़ी,lagAye.DI,लगाई,lagAI,1
Marwari,लीखेडॉ,lIkheDaॉ,लिखडो,likhaDo,1
Marwari,पेडिया,peDiyA,पेड़,pe.Da,1
Marwari,एक,eka,जो,jo,1
Magahi,खैर,khaira,खे,khe,1
Magahi,बहुत,bahuta,वहाँ,vahA.N,1
Magahi,तरह,taraha,सारा,sArA,1
Magahi,पियर,piyara,पीला,pIlA,1
Magahi,और,aura,तो,to,1
Magahi,और,aura,ओ,o,1
Magahi,बडे,baDe,बर्थडे,barthaDe,1
Magahi,रूम,rUma,रूम्मा,rUmmA,1
Magahi,कैलेंडर,kaileMDara,उकरा,ukarA,1
Magahi,घरवा,gharavA,घरों,gharoM,1
Magahi,अउ,au,आऊ,AU,1
Magahi,गोय,goya,गौर,gaura,1
Magahi,पियर,piyara,पेड़,pe.Da,1
Magahi,रहलो,rahalo,रहा,rahA,1
Magahi,पिघाल,pighAla,हाल,hAla,1
Magahi,उंट,uMTa,वेंट,veMTa,1
Magahi,जनता,janatA,जानदार,jAnadAra,1
Magahi,एकरा,ekarA,घर,ghara,1
Magahi,सकइ,sakai,सकाई,sakAI,1
Magahi,आवहय,Avahaya,आव,Ava,1
Magahi,हउ,hau,हॉब,haॉba,1
Magahi,होवोहय,hovohaya,होये,hoye,1
Magahi,हखिन,hakhina,यकीन,yakIna,1
Magahi,हखिन,hakhina,रखी,rakhI,1
Magahi,स,sa,अच्छा,achChA,1
Magahi,होअ,hoa,यहाँ,yahA.N,1
Magahi,के,ke,कोई,koI,1
Magahi,इ,i,आई,AI,1
Magahi,और,aura,या,yA,1
Magahi,देखो,dekho,अनेकों,anekoM,1
Magahi,पाछे,pAChe,पटी,paTI,1
Magahi,बड़का,ba.DakA,प्रकार,prakAra,1
Magahi,आउ,Au,और,aura,1
Magahi,वीडीओ,vIDIo,वीडियो,vIDiyo,1
Magahi,घास,ghAsa,गाछ,gACha,1
Magahi,होवे,hove,हो,ho,1
Magahi,डली,DalI,जले,jale,1
Magahi,स्वांग,svAMga,समुंदर,samuMdara,1
Magahi,यहाँ,yahA.N,एक,eka,1
Magahi,यहाँ,yahA.N,एगो,ego,1
Magahi,मे,me,बहुत,bahuta,1
Magahi,पूजा,pUjA,पोचा,pochA,1
Magahi,रहेले,rahele,रहा,rahA,1
Magahi,ओमे,ome,हमें,hameM,1
Magahi,हई,haI,हनी,hanI,1
Magahi,उनने,unane,ने,ne,1
Magahi,हेय,heya,ह,ha,1
Magahi,एते,ete,इधर,idhara,1
Magahi,उजर,ujara,जो,jo,1
Magahi,सजल,sajala,सज्जन,sajjana,1
Magahi,बुठन,buThana,बुट्टम,buTTama,1
Magahi,बस,basa,बाँस,bA.Nsa,1
Magahi,बंद,baMda,बन,bana,1
Magahi,खरदीने,kharadIne,खरीद,kharIda,1
Magahi,ये,ye,एगो,ego,1
Magahi,आ,A,आता,AtA,1
Magahi,बॉल,baॉla,पोल,pola,1
Magahi,यह,yaha,यहाँ,yahA.N,1
Magahi,का,kA,में,meM,1
Magahi,उकसवा,ukasavA,वोकसा,vokasA,1
Magahi,पार्क,pArka,पायलट,pAyalaTa,1
Magahi,उहि,uhi,वही,vahI,1
Magahi,रहलो,rahalo,रहे,rahe,1
Magahi,उने,une,उन्हें,unheM,1
Magahi,अच्छे,achChe,कुछ,kuCha,1
Magahi,इ,i,यही,yahI,1
Magahi,उला,ulA,वाला,vAlA,1
Magahi,टूट,TUTa,उट,uTa,1
Magahi,ओकर,okara,होकर,hokara,1
Magahi,उक,uka,कुक,kuka,1
Magahi,जाए,jAe,जाये,jAye,1
Magahi,आढाई,ADhAI,रहा,rahA,1
Magahi,तोरा,torA,थोड़ा,tho.DA,1
Magahi,दुगो,dugo,वो,vo,1
Magahi,रेलों,reloM,लो,lo,1
Magahi,थी,thI,गति,gati,1
Magahi,ब्याह,byAha,विवाह,vivAha,1
Magahi,एक,eka,भी,bhI,1
Magahi,एकरा,ekarA,कर,kara,1
Magahi,छे,Che,थी,thI,1
Magahi,उ,u,हम,hama,1
Magahi,ईहाँ,IhA.N,यह,yaha,1
Magahi,हई|,haI|,होई,hoI,1
Magahi,हई|,haI|,है,hai,1
Magahi,बड़ी,ba.DI,मनि,mani,1
Magahi,आना,AnA,मन,mana,1
Magahi,उलाब,ulAba,है,hai,1
Magahi,उजर,ujara,पिज्जा,pijjA,1
Magahi,जमल,jamala,चमन,chamana,1
Magahi,उ,u,और,aura,1
Magahi,गेलई,gelaI,गले,gale,1
Magahi,और,aura,ऊ,U,1
Magahi,ब्लू,blU,भूलू,bhUlU,1
Magahi,इ,i,एक,eka,1
Magahi,जाए,jAe,जाने,jAne,1
Magahi,रहलय,rahalaya,रहा,rahA,1
Magahi,वरा,varA,बड़ा,ba.DA,1
Magahi,रहले,rahale,रहा,rahA,1
Magahi,काला,kAlA,कलर,kalara,1
Magahi,फूल,phUla,पुल,pula,1
Magahi,बहो,baho,बहुत,bahuta,1
Magahi,बढ़िया,ba.DhiyA,यहाँ,yahA.N,1
Magahi,रखल,rakhala,लगल,lagala,1
Magahi,सज़ाएल,sazAela,सजे,saje,1
Magahi,हखी,hakhI,के,ke,1
Magahi,के,ke,उनके,unake,1
Magahi,ई,I,एक,eka,1
Magahi,बहुत,bahuta,काफी,kAphI,1
Magahi,और,aura,अब,aba,1
Magahi,सगवान,sagavAna,सूत,sUta,1
Magahi,तुत,tuta,पिपर,pipara,1
Magahi,हथीन,hathIna,हेथी,hethI,1
Magahi,पड़ी,pa.DI,पड़ेगा,pa.DegA,1
Magahi,खिलौने,khilaune,फुलौना,phulaunA,1
Magahi,बेडशीट,beDashITa,बेल्ट,belTa,1
Magahi,ठीकट,ThIkaTa,टीका,TIkA,1
Magahi,गाड़,gA.Da,गढ़,ga.Dha,1
Magahi,शायद,shAyada,सारी,sArI,1
Magahi,किए,kie,किये,kiye,1
Magahi,कंपटीशन,kaMpaTIshana,कॉम्पिटिशन,kaॉmpiTishana,1
Magahi,मे,me,ही,hI,1
Magahi,हुईहै,huIhai,है,hai,1
Magahi,बाड़ा,bA.DA,गुब्बारा,gubbArA,1
Magahi,लेडिस,leDisa,लड़की,la.DakI,1
Magahi,लीये,lIye,लिए,lie,1
Magahi,लयक,layaka,ले,le,1
Magahi,घूरा,ghUrA,गोवा,govA,1
Magahi,घर,ghara,फर्श,pharsha,1
Magahi,इ,i,कि,ki,1
Magahi,बना,banA,दिया,diyA,1
Magahi,क्लियर,kliyara,पेड़,pe.Da,1
Magahi,इधर,idhara,मेरा,merA,1
Magahi,आ,A,और,aura,1
Magahi,ये,ye,जो,jo,1
Magahi,ईटा,ITA,हीटर,hITara,1
Magahi,जे,je,जिम,jima,1
Magahi,हो,ho,हुआ,huA,1
Magahi,भाईट,bhAITa,व्हाइट,vhAiTa,1
Magahi,का,kA,मोबाइल,mobAila,1
Magahi,खूब,khUba,बहुत,bahuta,1
Magahi,घास,ghAsa,घर,ghara,1
Magahi,सायद,sAyada,साइड,sAiDa,1
Magahi,उफिस,uphisa,विश,visha,1
Magahi,केतना,ketanA,बहुत,bahuta,1
Magahi,ये,ye,एक,eka,1
Magahi,अनुरा,anurA,हनुमान,hanumAna,1
Magahi,जीमा,jImA,जिम्मा,jimmA,1
Magahi,पायलट,pAyalaTa,पहले,pahale,1
Magahi,गो,go,कुछ,kuCha,1
Magahi,एमे,eme,में,meM,1
Magahi,एसने,esane,ऐसे,aise,1
Magahi,हो,ho,और,aura,1
Magahi,ओकरा,okarA,कुकड़ा,kuka.DA,1
Magahi,उउउ,uuu,उ,u,1
Magahi,गेटवे,geTave,जोतवा,jotavA,1
Magahi,हथवा,hathavA,हाथों,hAthoM,1
Magahi,हाई,hAI,है,hai,1
Magahi,से,se,का,kA,1
Magahi,मिट्टी,miTTI,नीचे,nIche,1
Magahi,दि,di,दिखा,dikhA,1
Magahi,जेकरा,jekarA,जगह,jagaha,1
Magahi,भी,bhI,पे,pe,1
Magahi,का,kA,दिखा,dikhA,1
Magahi,इधर,idhara,घर,ghara,1
Magahi,उटल,uTala,वोटल,voTala,1
Magahi,लईकन,laIkana,लेखन,lekhana,1
Magahi,छड़ी,Cha.DI,छारी,ChArI,1
Magahi,मे,me,मेरे,mere,1
Magahi,रंग,raMga,तरह,taraha,1
Magahi,जुलुस्वा,julusvA,जुलूस,julUsa,1
Magahi,आदमियन,Adamiyana,आदमी,AdamI,1
Bajjika,हैं,haiM,लगल,lagala,1
Bajjika,हैं,haiM,वो,vo,1
Bajjika,पे,pe,है,hai,1
Bajjika,होइ,hoi,है,hai,1
Bajjika,ओकरा,okarA,उकर,ukara,1
Bajjika,हय,haya,होई,hoI,1
Bajjika,इ,i,जी,jI,1
Bajjika,हिय,hiya,है,hai,1
Bajjika,पिंहावल,piMhAvala,पहनावा,pahanAvA,1
Bajjika,एक,eka,इ,i,1
Bajjika,वगेला,vagelA,वगैरह,vagairaha,1
Bajjika,उहा,uhA,वहां,vahAM,1
Bajjika,एनहू,enahU,नहु,nahu,1
Bajjika,के,ke,ही,hI,1
Bajjika,सोभा,sobhA,स्वभाव,svabhAva,1
Bajjika,चुंदड़ी,chuMda.DI,चुनरी,chunarI,1
Bajjika,ऊ,U,वो,vo,1
Bajjika,वीच,vIcha,बेंच,beMcha,1
Bajjika,रखो,rakho,रखूँ,rakhU.N,1
Bajjika,ये,ye,एम,ema,1
Bajjika,होव,hova,हउ,hau,1
Bajjika,चल,chala,सब,saba,1
Bajjika,कोई,koI,खूब,khUba,1
Bajjika,कोइयो,koiyo,कईगो,kaIgo,1
Bajjika,हरिअर,hariara,हरियाली,hariyAlI,1
Bajjika,दोगो,dogo,इनगो,inago,1
Bajjika,एथी,ethI,अति,ati,1
Bajjika,छाव,ChAva,छो,Cho,1
Bajjika,नौगो,naugo,दोगो,dogo,1
Bajjika,इधर,idhara,इतो,ito,1
Bajjika,एक,eka,की,kI,1
Bajjika,शॉप,shaॉpa,स्टोर,sTora,1
Bajjika,काइल,kAila,कईल,kaIla,1
Bajjika,पोरई,poraI,कुरई,kuraI,1
Bajjika,हेने,hene,इन्हे,inhe,1
Bajjika,रखल,rakhala,होखल,hokhala,1
Bajjika,बत्ती,battI,पति,pati,1
Bajjika,एने,ene,एगो,ego,1
Bajjika,वो,vo,एगो,ego,1
Bajjika,इकल,ikala,मेडिकल,meDikala,1
Bajjika,ओमे,ome,में,meM,1
Bajjika,क,ka,कोई,koI,1
Bajjika,ये,ye,मोटरसाइकिल,moTarasAikila,1
Bajjika,घिचैत,ghichaita,खींचात,khIMchAta,1
Bajjika,कुछो,kuCho,छो,Cho,1
Bajjika,मर्दवा,mardavA,मतलब,matalaba,1
Bajjika,मिर्चाई,mirchAI,चाय,chAya,1
Bajjika,यहाँ,yahA.N,यह,yaha,1
Bajjika,केएलक,keelaka,कहला,kahalA,1
Bajjika,बहुत,bahuta,बच्च,bachcha,1
Bajjika,ऊऊ,UU,उ,u,1
Bajjika,अथी,athI,अति,ati,1
Bajjika,एक,eka,ये,ye,1
Bajjika,हम्मर,hammara,हम,hama,1
Bajjika,तन,tana,तंग,taMga,1
Bajjika,होजो,hojo,उधर,udhara,1
Bajjika,उजर्,ujar,उज्जर,ujjara,1
Bajjika,हयो|,hayo|,हौ,hau,1
Bajjika,और,aura,रेखें,rekheM,1
Bajjika,तैतीस,taitIsa,तेज,teja,1
Bajjika,केएल,keela,कई,kaI,1
Bajjika,गाडी,gADI,गरी,garI,1
Bajjika,हिया,hiyA,यहाँ,yahA.N,1
Bajjika,बूब,bUba,बु,bu,1
Bajjika,इन्ने,inne,ने,ne,1
Bajjika,गाड़ी,gA.DI,कारी,kArI,1
Bajjika,परानरास्ता,parAnarAstA,परता,paratA,1
Bajjika,लिख,likha,जमीन,jamIna,1
Bajjika,एन्ने,enne,इन्हें,inheM,1
Bajjika,ओय,oya,आई,AI,1
Bajjika,हय,haya,हाई,hAI,1
Bajjika,बी_आर,bI_Ara,बिहार,bihAra,1
Bajjika,हेई,heI,है,hai,1
Bajjika,हथुन,hathuna,हाथो,hAtho,1
Bajjika,सिरीह,sirIha,सीढ़ी,sI.DhI,1
Bajjika,पीला,pIlA,पियर,piyara,1
Bajjika,डेढ़,De.Dha,दो,do,1
Bajjika,होअ,hoa,हउ,hau,1
Bajjika,आवएत,Avaeta,हवइतु,havaitu,1
Bajjika,होउम्म,houmma,हउ,hau,1
Bajjika,औन्हुवो,aunhuvo,ओनागो,onAgo,1
Bajjika,गो,go,बजा,bajA,1
Bajjika,घोर,ghora,गौर,gaura,1
Bajjika,वो,vo,ओ,o,1
Bajjika,और,aura,अब,aba,1
Bajjika,हैय,haiya,हा,hA,1
Bajjika,हरियर,hariyara,घड़ियर,gha.Diyara,1
Bajjika,बुलु,bulu,ब्लू,blU,1
Bajjika,बेन,bena,बेंच,beMcha,1
Bajjika,नहित,nahita,नाइट,nAiTa,1
Bajjika,टँगल,Ta.Ngala,टांगन,TAMgana,1
Bajjika,जुत्ता,juttA,जूता,jUtA,1
Bajjika,बड़ौदा,ba.DaudA,बरोदा,barodA,1
Bajjika,होयत,hoyata,होइथ,hoitha,1
Bajjika,कै,kai,कोई,koI,1
Bajjika,एगारह,egAraha,ग्यारह,gyAraha,1
Bajjika,कथी,kathI,कति,kati,1
Bajjika,होऊ,hoU,हव,hava,1
Bajjika,ओय,oya,एगो,ego,1
Bajjika,एता,etA,इधर,idhara,1
Bajjika,हई,haI,कलर,kalara,1
Bajjika,घिचत,ghichata,खीचैत,khIchaita,1
Bajjika,टेसन,Tesana,स्टेशन,sTeshana,1
Bajjika,होऊ,hoU,हु,hu,1
Bajjika,बड़का,ba.DakA,वर्का,varkA,1
Bajjika,लगाल,lagAla,लागल,lAgala,1
Bajjika,आ,A,और,aura,1
Bajjika,हिंयां,hiMyAM,यहाँ,yahA.N,1
Bajjika,हुआं,huAM,वहाँ,vahA.N,1
Bajjika,पर,para,के,ke,1
Bajjika,इ,i,है,hai,1
Bajjika,हरा,harA,काला,kAlA,1
Bajjika,हय,haya,हैं,haiM,1
Bajjika,रोड,roDa,बोर्ड,borDa,1
Bajjika,गाइ,gAi,एक,eka,1
Bajjika,छाे,ChAe,छह,Chaha,1
Bajjika,त,ta,इत्ता,ittA,1
Bajjika,तनी,tanI,नहीं,nahIM,1
Bajjika,इहाँ,ihA.N,यह,yaha,1
Bajjika,रहलहईय,rahalahaIya,रहल,rahala,1
Bajjika,इहो,iho,एगो,ego,1
Bajjika,खाली,khAlI,का,kA,1
Bajjika,अइसन,aisana,ऐसा,aisA,1
Bajjika,एनो,eno,छोने,Chone,1
Bajjika,एने,ene,इन्हें,inheM,1
Bajjika,इह,iha,इंहा,iMhA,1
Bajjika,लड़कियाँ,la.DakiyA.N,लटिया,laTiyA,1
Bajjika,हौ,hau,हवा,havA,1
Bajjika,लाल,lAla,लाइट,lAiTa,1
Bajjika,बड़का,ba.DakA,परका,parakA,1
Bajjika,ओनहु,onahu,उन्हो,unho,1
Bajjika,वाला,vAlA,बना,banA,1
Bajjika,दिख,dikha,देखे,dekhe,1
Bajjika,आवित,Avita,आबैत,Abaita,1
Bajjika,ओने,one,उनी,unI,1
Bajjika,ओर,ora,ओने,one,1
Bajjika,में,meM,है,hai,1
Bajjika,परअ,paraa,पड़,pa.Da,1
Bajjika,दुगो,dugo,एगो,ego,1
Bajjika,तअ,taa,इतना,itanA,1
Bajjika,रोज,roja,फ्रॉज,phraॉja,1
Bajjika,ब्रिक्ष,brikSha,वृक्ष,vRRikSha,1
Bajjika,एन्ने,enne,ना,nA,1
Bajjika,ऐमे,aime,में,meM,1
Bajjika,ऐ,ai,एमे,eme,1
Bajjika,इहो,iho,यो,yo,1
Bajjika,येमे,yeme,में,meM,1
Bajjika,ओकरा,okarA,ऊपर,Upara,1
Bajjika,फेन,phena,फिर,phira,1
Bajjika,हईं,haIM,है,hai,1
Bajjika,सारा,sArA,सब,saba,1
Bajjika,सारा,sArA,तरह,taraha,1
Bajjika,दूगो,dUgo,दो,do,1
Bajjika,लागल,lAgala,बॉल,baॉla,1
Bajjika,इधर,idhara,ये,ye,1
Bajjika,बड़,ba.Da,भर,bhara,1
Bajjika,एतो,eto,इत,ita,1
Bajjika,अंदाज,aMdAja,जात,jAta,1
Bajjika,इ,i,आई,AI,1
Bajjika,उतकृय,utakRRiya,उत्कृष्ट,utkRRiShTa,1
Bajjika,ऐ_सी,ai_sI,एसी,esI,1
Bajjika,हई|,haI|,है,hai,1
Bajjika,देइत,deita,देथ,detha,1
Bajjika,ही,hI,जे,je,1
Bajjika,कायल,kAyala,कर,kara,1
Bajjika,जकड़ा,jaka.DA,देखा,dekhA,1
Bajjika,अपन,apana,और,aura,1
Bajjika,पछतर,paChatara,पचहत्तर,pachahattara,1
Bajjika,इ,i,की,kI,1
Bajjika,जूठा,jUThA,जुट्ठा,juTThA,1
Bajjika,हैय|,haiya|,है,hai,1
Bajjika,ऐने,aine,इन्हे,inhe,1
Bajjika,पाउड,pAuDa,आउर,Aura,1
Bajjika,ऑन,ऑna,उनने,unane,1
Bajjika,कचिये,kachiye,कच्चिए,kachchie,1
Bajjika,ईधर,Idhara,इतो,ito,1
Bajjika,उसा,usA,वैसा,vaisA,1
Bajjika,गाछ,gACha,घास,ghAsa,1
Bajjika,ये,ye,है,hai,1
Bajjika,बगरा,bagarA,वगैरह,vagairaha,1
Bajjika,गाड़ी,gA.DI,घरे,ghare,1
Khortha,इटा,iTA,पंडाल,paMDAla,1
Khortha,इहा,ihA,हाँ,hA.N,1
Khortha,यालो,yAlo,आला,AlA,1
Khortha,बिना,binA,तीनों,tInoM,1
Khortha,होवो,hovo,हो,ho,1
Khortha,जिम,jima,जीन,jIna,1
Khortha,आर,Ara,अरे,are,1
Khortha,आवे,Ave,आबै,Abai,1
Khortha,ईटा,ITA,एका,ekA,1
Khortha,अइसन,aisana,से,se,1
Khortha,फिल्ड,philDa,फील,phIla,1
Khortha,मंडी,maMDI,मंजिल,maMjila,1
Khortha,ईटा,ITA,रब,raba,1
Khortha,होवो,hovo,हूँ,hU.N,1
Khortha,से,se,सकती,sakatI,1
Khortha,खा,khA,है,hai,1
Khortha,लगो,lago,लागू,lAgU,1
Khortha,मई,maI,माया,mAyA,1
Khortha,उठा,uThA,बेटा,beTA,1
Khortha,होर्लो,horlo,फरलो,pharalo,1
Khortha,गुला,gulA,पूरा,pUrA,1
Khortha,लागल,lAgala,लगालो,lagAlo,1
Khortha,हो,ho,हाँ,hA.N,1
Khortha,ही,hI,कुछ,kuCha,1
Khortha,चल,chala,छूटाई,ChUTAI,1
Khortha,टा,TA,टाइम,TAima,1
Khortha,ख़ातिर,KAtira,खाते,khAte,1
Khortha,बेस,besa,भीड़,bhI.Da,1
Khortha,सभीन,sabhIna,सब,saba,1
Khortha,एक,eka,ये,ye,1
Khortha,निय,niya,ने,ne,1
Khortha,अरे,are,और,aura,1
Khortha,खा,khA,खाये,khAye,1
Khortha,पाँचवा,pA.NchavA,पचवां,pachavAM,1
Khortha,खूब,khUba,बहुत,bahuta,1
Khortha,उठईले,uThaIle,उठाएल,uThAela,1
Khortha,बहुत,bahuta,भूल,bhUla,1
Khortha,धोयो,dhoyo,धो,dho,1
Khortha,टा,TA,तक,taka,1
Khortha,टू,TU,जो,jo,1
Khortha,केता,ketA,खत,khata,1
Khortha,और,aura,अधे,adhe,1
Khortha,बहिहार,bahihAra,बैयार,baiyAra,1
Khortha,फूलगोभी,phUlagobhI,फूलकॉफ़ी,phUlakaॉfI,1
Khortha,आवो,Avo,यहाँ,yahA.N,1
Khortha,हिया,hiyA,यहां,yahAM,1
Khortha,आवो,Avo,आऊ,AU,1
Khortha,छेकोन,Chekona,चिकन,chikana,1
Khortha,होन,hona,ऑन,ऑna,1
Khortha,फुल,phula,पूल,pUla,1
Khortha,वि,vi,भी,bhI,1
Khortha,आरो,Aro,और,aura,1
Khortha,आसी,AsI,से,se,1
Khortha,सबहिं,sabahiM,समीन,samIna,1
Khortha,तथना,tathanA,टटना,TaTanA,1
Khortha,आवे,Ave,आओ,Ao,1
Khortha,मै,mai,में,meM,1
Khortha,के,ke,गई,gaI,1
Khortha,जब,jaba,जाओ,jAo,1
Khortha,चीता,chItA,चित्ता,chittA,1
Khortha,एक,eka,यह,yaha,1
Khortha,सेतेसी,setesI,सेकते,sekate,1
Khortha,ग्राउंड,grAuMDa,रन,rana,1
Khortha,और,aura,एगो,ego,1
Khortha,गाछ,gACha,घास,ghAsa,1
Khortha,अउर,aura,और,aura,1
Khortha,टायर,TAyara,तैर,taira,1
Khortha,लोको,loko,लौका,laukA,1
Khortha,आर,Ara,या,yA,1
Khortha,शीशा,shIshA,सब,saba,1
Khortha,लागौ,lAgau,लग,laga,1
Khortha,दुगो,dugo,दो,do,1
Khortha,के,ke,एक,eka,1
Khortha,अ,a,यहां,yahAM,1
Khortha,ऊ,U,वो,vo,1
Khortha,एकरा,ekarA,करो,karo,1
Khortha,इमे,ime,उन्हें,unheM,1
Khortha,दख्या,dakhyA,देखा,dekhA,1
Khortha,ओकर,okara,ऊपर,Upara,1
Khortha,बहुत,bahuta,ढेर,Dhera,1
Khortha,जईसन,jaIsana,जैसा,jaisA,1
Khortha,वा,vA,में,meM,1
Khortha,दुकनवा,dukanavA,दुकान,dukAna,1
Khortha,वेस्टर्न,vesTarna,स्थान,sthAna,1
Khortha,बिरिछ,biriCha,वृक्ष,vRRikSha,1
Khortha,उ,u,वो,vo,1
Khortha,हिको,hiko,है,hai,1
Khortha,बान्हल,bAnhala,बनल,banala,1
Khortha,हियो,hiyo,यो,yo,1
Khortha,बरब,baraba,बर्फ,barpha,1
Khortha,हेको,heko,को,ko,1
Khortha,रकमक,rakamaka,रखमो,rakhamo,1
Khortha,जायल,jAyala,जल,jala,1
Khortha,आओ,Ao,याओ,yAo,1
Khortha,रहलो,rahalo,लेलो,lelo,1
Khortha,बड़ी,ba.DI,डेली,DelI,1
Khortha,बड़ा,ba.DA,इधर,idhara,1
Khortha,उपरे,upare,कुपरा,kuparA,1
Khortha,हो,ho,ये,ye,1
Khortha,मायो,mAyo,मय,maya,1
Khortha,मुर्सी,mursI,मूर्ति,mUrti,1
Khortha,आर,Ara,का,kA,1
Khortha,करे,kare,रहे,rahe,1
Khortha,जेकर,jekara,जगड़,jaga.Da,1
Khortha,ईटा,ITA,इरा,irA,1
Khortha,कीने,kIne,किन,kina,1
Khortha,प्लेन,plena,ट्रैन,Traina,1
Khortha,गिला,gilA,वाला,vAlA,1
Khortha,लिये,liye,लिए,lie,1
Khortha,आवो,Avo,याओ,yAo,1
Khortha,दिये,diye,दिए,die,1
Khortha,कोनोह,konoha,पन्हो,panho,1
Khortha,हॉस,haॉsa,हॉस्पिट,haॉspiTa,1
Khortha,हॉस्पिटल,haॉspiTala,पीटल,pITala,1
Khortha,घीचाब,ghIchAba,खिंचाव,khiMchAva,1
Khortha,बच्चू,bachchU,बुतु,butu,1
Khortha,खतिर,khatira,खदर,khadara,1
Khortha,जोर,jora,जगुर,jagura,1
Khortha,सब,saba,साम,sAma,1
Khortha,जयदे,jayade,ज्यादा,jyAdA,1
Khortha,देखायल,dekhAyala,दाखैल,dAkhaila,1
Khortha,देखायल,dekhAyala,दखल,dakhala,1
Khortha,बुतरू,butarU,बुजुर्ग,bujurga,1
Khortha,आओ,Ao,आहो,Aho,1
Khortha,यँहा,ya.NhA,यहाँ,yahA.N,1
Khortha,जो,jo,रहो,raho,1
Khortha,रहो,raho,रोह,roha,1
Khortha,इसलिए,isalie,नजरिया,najariyA,1
Khortha,देहे,dehe,दे,de,1
Khortha,होव,hova,हौ,hau,1
Khortha,सारा,sArA,सा,sA,1
Khortha,बोअनी,boanI,बाउंड्री,bAuMDrI,1
Khortha,ये,ye,एक,eka,1
Khortha,के,ke,क्या,kyA,1
Khortha,करो,karo,का,kA,1
Khortha,होनी,honI,उन्हें,unheM,1
Khortha,होको,hoko,गाड़ी,gA.DI,1
Khortha,ईटा,ITA,इट,iTa,1
Khortha,रख़ा,raKA,देखा,dekhA,1
Khortha,कोनोह,konoha,कौन,kauna,1
Khortha,लागो,lAgo,लगे,lage,1
Khortha,देखाही,dekhAhI,दिखाई,dikhAI,1
Khortha,जयाब,jayAba,जप,japa,1
Khortha,लागे,lAge,लगा,lagA,1
Khortha,रहन,rahana,राम,rAma,1
Khortha,हिको,hiko,रिपुर,ripura,1
Khortha,धोवो,dhovo,धोओ,dhoo,1
Khortha,ईटा,ITA,इठा,iThA,1
Khortha,बोल,bola,मॉल,maॉla,1
Khortha,बनाय,banAya,बने,bane,1
Khortha,छीकन,ChIkana,चिकन,chikana,1
Khortha,वेगरा,vegarA,वगैरह,vagairaha,1
Khortha,ले,le,में,meM,1
Khortha,आ,A,यहाँ,yahA.N,1
Khortha,सभिन,sabhina,सभी,sabhI,1
Khortha,हो,ho,और,aura,1
Khortha,आर,Ara,अब,aba,1
Khortha,देखाय,dekhAya,दिखे,dikhe,1
Khortha,पेन्हले,penhale,पिल्ल,pilla,1
Angika,हेक,heka,एक,eka,1
Angika,आव,Ava,आबा,AbA,1
Angika,इह,iha,यहाँ,yahA.N,1
Angika,वाला,vAlA,खेलेबला,khelebalA,1
Angika,हॉर्लिक्सोर,haॉrliksora,हॉर्न,haॉrna,1
Angika,होलों,holoM,हलन,halana,1
Angika,उज्जरो,ujjaro,उजला,ujalA,1
Angika,में,meM,मै,mai,1
Angika,बूढ़ी,bU.DhI,मुट्ठी,muTThI,1
Angika,छकै,Chakai,छे,Che,1
Angika,कुछ,kuCha,को,ko,1
Angika,गुंबत,guMbata,गुम्मद,gummada,1
Angika,लागई,lAgaI,लगे,lage,1
Angika,आये,Aye,आए,Ae,1
Angika,ना,nA,नहीं,nahIM,1
Angika,ब्रिज,brija,वृछ,vRRiCha,1
Angika,जाये,jAye,जाए,jAe,1
Angika,ई,I,एक,eka,1
Angika,इ,i,जी,jI,1
Angika,बुलु,bulu,ब्लू,blU,1
Angika,बेथल,bethala,बैठल,baiThala,1
Angika,पटल,paTala,बैठल,baiThala,1
Angika,छै,Chai,छेल,Chela,1
Angika,ये,ye,एक,eka,1
Angika,एन्ने,enne,इने,ine,1
Angika,हेकौ,hekau,हैको,haiko,1
Angika,हेकौ,hekau,कौ,kau,1
Angika,बाईक,bAIka,बाइक्स,bAiksa,1
Angika,हेकौ,hekau,होतो,hoto,1
Angika,पे,pe,में,meM,1
Angika,कर,kara,करने,karane,1
Angika,बॉटल,baॉTala,बोतल,botala,1
Angika,ट्रेनर,Trenara,ठो,Tho,1
Angika,अ,a,कोई,koI,1
Angika,लगी,lagI,लगेज,lageja,1
Angika,जबी,jabI,चाबी,chAbI,1
Angika,जिस,jisa,जे,je,1
Angika,स्टेन,sTena,स्टैंड,sTaiMDa,1
Angika,बगेरा,bagerA,वगैरह,vagairaha,1
Angika,जलल्ड,jalalDa,जल,jala,1
Angika,जलाइ,jalAi,जले,jale,1
Angika,ब,ba,बना,banA,1
Angika,एता,etA,जैता,jaitA,1
Angika,उटो,uTo,वोटो,voTo,1
Angika,जेकरा,jekarA,जिक्र,jikra,1
Angika,टेहरेलू,TeharelU,टहलु,Tahalu,1
Angika,हेय,heya,के,ke,1
Angika,तहाड़,tahA.Da,तार,tAra,1
Angika,अभी,abhI,अब,aba,1
Angika,को,ko,कुर,kura,1
Angika,गिरिस,girisa,ब्रिज,brija,1
Angika,और,aura,अरे,are,1
Angika,बोतल,botala,बॉटल,baॉTala,1
Angika,यहाँ,yahA.N,इसमें,isameM,1
Angika,यलो,yalo,काला,kAlA,1
Angika,शायद,shAyada,साइड,sAiDa,1
Angika,खम्बा,khambA,खंभे,khaMbhe,1
Angika,हरियरका,hariyarakA,छोटा,ChoTA,1
Angika,नैए,naie,न,na,1
Angika,भइल,bhaila,भी,bhI,1
Angika,दु,du,दूध,dUdha,1
Angika,बांस,bAMsa,बस,basa,1
Angika,फेल,phela,फैले,phaile,1
Angika,पअ,paa,को,ko,1
Angika,दिखवई,dikhavaI,दिखरोल,dikharola,1
Angika,पीछा,pIChA,नीचा,nIchA,1
Angika,सजेल,sajela,सजा,sajA,1
Angika,निकललो,nikalalo,करलो,karalo,1
Angika,लकड़ो,laka.Do,लाकल,lAkala,1
Angika,रहलो,rahalo,रला,ralA,1
Angika,तभीए,tabhIe,तबियत,tabiyata,1
Angika,बिसेस,bisesa,विशेष,visheSha,1
Angika,ए,e,आई,AI,1
Angika,जेनस,jenasa,जेंट्स,jeMTsa,1
Angika,आउरो,Auro,और,aura,1
Angika,चाय,chAya,छा,ChA,1
Angika,आर,Ara,अरे,are,1
Angika,ऐसन,aisana,जैसा,jaisA,1
Angika,आवा,AvA,साबो,sAbo,1
Angika,मे,me,वाला,vAlA,1
Angika,यानी,yAnI,कहीं,kahIM,1
Angika,छिये,Chiye,छै,Chai,1
Angika,गौं,gauM,गाँव,gA.Nva,1
Angika,ओकर,okara,पर,para,1
Angika,छे,Che,छोई,ChoI,1
Angika,छे,Che,आज,Aja,1
Angika,दखैं,dakhaiM,देखे,dekhe,1
Angika,यहुँ,yahu.N,एहु,ehu,1
Angika,रहल,rahala,लो,lo,1
Angika,बाहरो,bAharo,आरोप,Aropa,1
Angika,जी,jI,छे,Che,1
Angika,सौस,sausa,हाउस,hAusa,1
Angika,बढ़ावे,ba.DhAve,बराबर,barAbara,1
Angika,छेकै,Chekai,छके,Chake,1
Angika,आलमारी,AlamArI,अलमारिया,alamAriyA,1
Angika,हुवी,huvI,हुई,huI,1
Angika,आद,Ada,और,aura,1
Angika,चारकोल,chArakola,चॉको,chaॉko,1
Angika,कोन्टर,konTara,काउंटर,kAuMTara,1
Angika,हुआ,huA,में,meM,1
Angika,उल,ula,वूल,vUla,1
Angika,पथहल,pathahala,पत्थर,patthara,1
Angika,सारा,sArA,सहर,sahara,1
Angika,औने,aune,ना,nA,1
Angika,बड़का,ba.DakA,बरखा,barakhA,1
Angika,गाछ,gACha,का,kA,1
Angika,इ,i,एक,eka,1
Angika,छके,Chake,जगह,jagaha,1
Angika,एइलो,eilo,आइलौ,Ailau,1
Angika,ऊटो,UTo,वोटो,voTo,1
Angika,सके,sake,सगइ,sagai,1
Angika,ब्याह,byAha,विहाह,vihAha,1
Angika,ऑटो,ऑTo,फोटो,phoTo,1
Angika,लक्ष्य,lakShya,गाछ,gACha,1
Angika,जैन,jaina,जियान,jiyAna,1
Angika,छको,Chako,छेका,ChekA,1
Angika,सनी,sanI,नहीं,nahIM,1
Angika,छै,Chai,जे,je,1
Angika,य,ya,आई,AI,1
Angika,नोगो,nogo,मगर,magara,1
Angika,पेहनलो,pehanalo,पिलो,pilo,1
Angika,पेहेनले,pehenale,पहलो,pahalo,1
Angika,अथि,athi,एडी,eDI,1
Angika,ओकरो,okaro,उगलो,ugalo,1
Angika,छय,Chaya,छका,ChakA,1
Kumaoni,गाड़ी,gA.DI,कार,kAra,1
Kumaoni,पुंगड़,puMga.Da,पंण,paMNa,1
Kumaoni,अयाँ,ayA.N,आया,AyA,1
Kumaoni,वो,vo,और,aura,1
Kumaoni,जीसस,jIsasa,जिस,jisa,1
Kumaoni,बार्बर,bArbara,बार,bAra,1
Kumaoni,मैन्टैन,mainTaina,मेंटेन,meMTena,1
Kumaoni,पिल्लर,pillara,लड़,la.Da,1
Kumaoni,चण,chaNa,छन,Chana,1
Kumaoni,इक,ika,यख,yakha,1
Kumaoni,लेट,leTa,लाइट,lAiTa,1
Kumaoni,कॉर्क,kaॉrka,कोर,kora,1
Kumaoni,हरया,harayA,हरे,hare,1
Kumaoni,ये,ye,ही,hI,1
Kumaoni,नयी,nayI,डी,DI,1
Kumaoni,ये,ye,ए,e,1
Kumaoni,सीरण,sIraNa,सीडन,sIDana,1
Kumaoni,बुके,buke,के,ke,1
Kumaoni,दुबा,dubA,धुआं,dhuAM,1
Kumaoni,जगाओ,jagAo,जगहों,jagahoM,1
Kumaoni,से,se,जो,jo,1
Kumaoni,य,ya,यंहा,yaMhA,1
Kumaoni,धोरा,dhorA,धो,dho,1
Kumaoni,आप,Apa,आपके,Apake,1
Kumaoni,विडिओ,viDio,वीडियो,vIDiyo,1
Kumaoni,भरिं,bhariM,भरी,bharI,1
Kumaoni,के,ke,बाकी,bAkI,1
Kumaoni,कवर,kavara,गोबर,gobara,1
Kumaoni,भित्तर,bhittara,भीतर,bhItara,1
Kumaoni,घुटी,ghuTI,गुट्टी,guTTI,1
Kumaoni,दिख्येण,dikhyeNa,देखण,dekhaNa,1
Kumaoni,ओण,oNa,होण,hoNa,1
Kumaoni,खम्बो,khambo,खंभों,khaMbhoM,1
Kumaoni,बहर,bahara,भैरू,bhairU,1
Kumaoni,तकिया,takiyA,तके,take,1
Kumaoni,एक,eka,तथा,tathA,1
Kumaoni,जहाँ,jahA.N,क्या,kyA,1
Kumaoni,बहोत,bahota,एक,eka,1
Kumaoni,है,hai,के,ke,1
Kumaoni,यह,yaha,यहाँ,yahA.N,1
Kumaoni,स्टेज,sTeja,चेयर,cheyara,1
Kumaoni,अ,a,एक,eka,1
Kumaoni,वह,vaha,बहुत,bahuta,1
Kumaoni,क्वेश्चन,kveshchana,कोशन,koshana,1
Kumaoni,बतक,bataka,बत्तख,battakha,1
Kumaoni,चलोण,chaloNa,चलन,chalana,1
Kumaoni,आपते,Apate,हं,haM,1
Kumaoni,के,ke,है,hai,1
Kumaoni,हुवे,huve,हुए,hue,1
Kumaoni,ह्वेगी,hvegI,हैगी,haigI,1
Kumaoni,इख,ikha,एक,eka,1
Kumaoni,ढल्नु,Dhalnu,ढालने,DhAlane,1
Kumaoni,गौं,gauM,गांव,gAMva,1
Kumaoni,पीछे,pIChe,नीचे,nIche,1
Kumaoni,फुण,phuNa,फणा,phaNA,1
Kumaoni,चलण,chalaNa,छन,Chana,1
Kumaoni,बाँझू,bA.NjhU,बांजु,bAMju,1
Kumaoni,सको,sako,सकूँ,sakU.N,1
Kumaoni,गुम्बद,gumbada,गुमट,gumaTa,1
Kumaoni,दुई,duI,द्वी,dvI,1
Kumaoni,वहाँ,vahA.N,हम,hama,1
Kumaoni,गुम,guma,को,ko,1
Kumaoni,सुमेंट,sumeMTa,सीमट,sImaTa,1
Kumaoni,आसकिम,Asakima,आइसक्रीम,AisakrIma,1
Kumaoni,सोप,sopa,शॉप,shaॉpa,1
Kumaoni,टैडी,TaiDI,डेयरी,DeyarI,1
Kumaoni,हुआ,huA,है,hai,1
Kumaoni,एक,eka,हुए,hue,1
Kumaoni,यमा,yamA,हम,hama,1
Kumaoni,ये,ye,की,kI,1
Kumaoni,उनके,unake,अंकल,aMkala,1
Kumaoni,ख,kha,खड़े,kha.De,1
Kumaoni,बेंचों,beMchoM,चो,cho,1
Kumaoni,बैट,baiTa,बेड्स,beDsa,1
Kumaoni,अद्दिदास,addidAsa,एडीडास,eDIDAsa,1
Kumaoni,इसमें,isameM,इस,isa,1
Kumaoni,पैन्टीनगस,painTInagasa,पेंटिंग्स,peMTiMgsa,1
Kumaoni,बैट,baiTa,बेड,beDa,1
Kumaoni,नहाया,nahAyA,है,hai,1
Kumaoni,छत्त,Chatta,छत,Chata,1
Kumaoni,और,aura,वो,vo,1
Kumaoni,अ,a,में,meM,1
Kumaoni,भाईट,bhAITa,व्हाइट,vhAiTa,1
Kumaoni,निचे,niche,पीछे,pIChe,1
Kumaoni,योगा,yogA,युवा,yuvA,1
Kumaoni,सारा,sArA,ज्यादा,jyAdA,1
Kumaoni,बनने,banane,बांधने,bAMdhane,1
Kumaoni,ब,ba,ब्लू,blU,1
Kumaoni,त्रिस,trisa,दृश्य,dRRishya,1
Kumaoni,की,kI,आपकी,ApakI,1
Kumaoni,बिना,binA,बिलर,bilara,1
Kumaoni,दिये,diye,दिए,die,1
Kumaoni,श,sha,शर्ट,sharTa,1
Kumaoni,एंड,eMDa,है,hai,1
Kumaoni,सामान,sAmAna,समय,samaya,1
Kumaoni,बोरियाँ,boriyA.N,बोरी,borI,1
Kumaoni,सज्जन,sajjana,सचिन,sachina,1
Kumaoni,ये,ye,है,hai,1
Kumaoni,गेट,geTa,रेत,reta,1
Kumaoni,हुआ,huA,गया,gayA,1
Kumaoni,तक,taka,इफेक्ट,iphekTa,1
Kumaoni,रंग,raMga,कलर,kalara,1
Kumaoni,भाव,bhAva,बहाव,bahAva,1
Kumaoni,वे,ve,भी,bhI,1
Kumaoni,छो,Cho,छोटे,ChoTe,1
Kumaoni,ये,ye,यंहा,yaMhA,1
Kumaoni,लखीं,lakhIM,लगी,lagI,1
Kumaoni,ओदन,odana,ओन्हान,onhAna,1
Kumaoni,यख्खी,yakhkhI,यखि,yakhi,1
Kumaoni,कैं,kaiM,का,kA,1
Kumaoni,द्वी,dvI,दू,dU,1
Kumaoni,उच्ची,uchchI,ऊंची,UMchI,1
Kumaoni,बणीं,baNIM,बनी,banI,1
Kumaoni,यु,yu,जू,jU,1
Kumaoni,हूंदो,hUMdo,हम,hama,1
Kumaoni,वा,vA,वाली,vAlI,1
Kumaoni,वाण,vANa,बा,bA,1
Kumaoni,अ,a,का,kA,1
Kumaoni,ये,ye,आयु,Ayu,1
Kumaoni,होणी,hoNI,फण्ड,phaNDa,1
Kumaoni,बोलदन,boladana,बलिदान,balidAna,1
Kumaoni,तें,teM,होता,hotA,1
Kumaoni,येका,yekA,एक,eka,1
Kumaoni,ई,I,यू,yU,1
Kumaoni,दा,dA,त,ta,1
Kumaoni,झिलम,jhilama,झीलन,jhIlana,1
Kumaoni,शोकेस,shokesa,सूखे,sUkhe,1
Kumaoni,फर्श,pharsha,फरसा,pharasA,1
Kumaoni,बटी,baTI,बिटि,biTi,1
Kumaoni,ओंदन,oMdana,होनान,honAna,1
Kumaoni,ये,ye,जी,jI,1
Kumaoni,दढ़ी,da.DhI,काड़ी,kA.DI,1
Kumaoni,बणायु,baNAyu,मरायुं,marAyuM,1
Kumaoni,होली,holI,वाली,vAlI,1
Kumaoni,वह्यां,vahyAM,होया,hoyA,1
Kumaoni,उग,uga,सूख,sUkha,1
Kumaoni,दो,do,ये,ye,1
Kumaoni,ऐच,aicha,एंच,eMcha,1
Kumaoni,का,kA,चित्रका,chitrakA,1
Kumaoni,सीसे,sIse,शीशे,shIshe,1
Kumaoni,ओंका,oMkA,मुगा,mugA,1
Kumaoni,काटणु,kATaNu,गुटुणु,guTuNu,1
Kumaoni,ल,la,लगी,lagI,1
Kumaoni,फुत,phuta,पुरता,puratA,1
Kumaoni,अच्छ,achCha,अक्ष,akSha,1
Kumaoni,मंधो,maMdho,मनजु,manaju,1
Kumaoni,टांगिन,TAMgina,टाइंग,TAiMga,1
Kumaoni,प्यन,pyana,पन्ना,pannA,1
Kumaoni,कखम,kakhama,अखिम,akhima,1
Kumaoni,बण,baNa,बरणा,baraNA,1
Kumaoni,यमु,yamu,हम,hama,1
Kumaoni,घुस,ghusa,फूस,phUsa,1
Kumaoni,अयां,ayAM,आया,AyA,1
Kumaoni,पड़युं,pa.DayuM,पड्यू,paDyU,1
Kumaoni,जनु,janu,जोन,jona,1
Kumaoni,दगड़ियों,daga.DiyoM,पगण्युं,pagaNyuM,1
Kumaoni,जन्दिन,jandina,जानि,jAni,1
Kumaoni,वेगी,vegI,होयगी,hoyagI,1
Kumaoni,वेगी,vegI,होगी,hogI,1
Kumaoni,वेगि,vegi,होगी,hogI,1
Kumaoni,वेगि,vegi,होईगी,hoIgI,1
Kumaoni,वेगि,vegi,होयगी,hoyagI,1
Kumaoni,बैठ्यां,baiThyAM,बैठे,baiThe,1
Kumaoni,उगयूं,ugayUM,उगी,ugI,1
Kumaoni,सक्दो,sakdo,सकतों,sakatoM,1
Kumaoni,पहनयु,pahanayu,पैनी,painI,1
Kumaoni,उने,une,उंडय,uMDaya,1
Kumaoni,खेन,khena,कन,kana,1
Kumaoni,ईं,IM,आई,AI,1
Kumaoni,वू,vU,ओ,o,1
Kumaoni,और,aura,फिर,phira,1
Kumaoni,कु,ku,खूब,khUba,1
Kumaoni,के,ke,एक,eka,1
Kumaoni,घुमणा,ghumaNA,घूम,ghUma,1
Kumaoni,पुरु,puru,पूर्व,pUrva,1
Kumaoni,होयुं,hoyuM,हो,ho,1
Kumaoni,बिल्डिंग,bilDiMga,पिल्ड,pilDa,1
Kumaoni,सी,sI,चीज़,chIza,1
Kumaoni,लग्युं,lagyuM,लगु,lagu,1
Kumaoni,सी,sI,छ,Cha,1
Kumaoni,दिख्याणु,dikhyANu,दिशणु,dishaNu,1
Kumaoni,छ,Cha,सा,sA,1
Kumaoni,चटाई,chaTAI,चटै,chaTai,1
Kumaoni,भीतर,bhItara,बित्तर,bittara,1
Kumaoni,कखि,kakhi,क,ka,1
Kumaoni,हरयूं,harayUM,हरिओ,hario,1
Kumaoni,टिहरी,TiharI,तेरी,terI,1
Kumaoni,अगाड़ी,agA.DI,आड़ी,A.DI,1
Kumaoni,उखाड़न,ukhA.Dana,ओखाण,okhANa,1
Kumaoni,दैनि,daini,दाणी,dANI,1
Kumaoni,उतना,utanA,वतरा,vatarA,1
Kumaoni,तूर,tUra,तुरण,turaNa,1
Kumaoni,जू,jU,ज्यू,jyU,1
Kumaoni,फंडे,phaMDe,फरने,pharane,1
Kumaoni,बहर,bahara,भैर,bhaira,1
Kumaoni,सहाब,sahAba,साहब,sAhaba,1
Kumaoni,ईं,IM,ये,ye,1
Kumaoni,यार,yAra,और,aura,1
Kumaoni,पैरीं,pairIM,पहनी,pahanI,1
Kumaoni,भी,bhI,पे,pe,1
Kumaoni,भीन,bhIna,बन,bana,1
Kumaoni,ये,ye,एक,eka,1
Kumaoni,उप्पर,uppara,ऊपर,Upara,1
Kumaoni,जेकु,jeku,जैको,jaiko,1
Kumaoni,आईड,AIDa,एक,eka,1
Kumaoni,हुए,hue,हैं,haiM,1
Kumaoni,भवन,bhavana,वाहन,vAhana,1
Kumaoni,कहीं,kahIM,कई,kaI,1
Kumaoni,और,aura,कोर्ट,korTa,1
Kumaoni,स्टॉल,sTaॉla,चूल्क,chUlka,1
Kumaoni,गॉड,gaॉDa,बोर्ड,borDa,1
Kumaoni,सारा,sArA,सर,sara,1
Kumaoni,येनु,yenu,यनो,yano,1
Kumaoni,बहोत,bahota,कई,kaI,1
Kumaoni,यह,yaha,ने,ne,1
Kumaoni,बोट,boTa,बोर्ड,borDa,1
Kumaoni,कथै,kathai,कत्थई,katthaI,1
Kumaoni,बता,batA,पुता,putA,1
Kumaoni,पैर,paira,पेड़,pe.Da,1
Kumaoni,हुये,huye,हुए,hue,1
Kumaoni,पिछने,piChane,पिछनियां,piChaniyAM,1
Kumaoni,छेद,Cheda,खेत,kheta,1
Kumaoni,हुएथे,huethe,होयतें,hoyateM,1
Kumaoni,एक,eka,एकदम,ekadama,1
Kumaoni,लाग्यां,lAgyAM,लगी,lagI,1
Kumaoni,और,aura,है,hai,1
Kumaoni,टिल्ले,Tille,टीले,TIle,1
Kumaoni,जीने,jIne,झीलें,jhIleM,1
Kumaoni,धुवा,dhuvA,धुआं,dhuAM,1
Kumaoni,गई,gaI,रही,rahI,1
Kumaoni,यहाँ,yahA.N,यह,yaha,1
Kumaoni,बागीचे,bAgIche,बाजू,bAjU,1
Kumaoni,करयूं,karayUM,कर्यु,karyu,1
Kumaoni,श,sha,टी,TI,1
Kumaoni,खींचोंण,khIMchoMNa,खिचड़,khicha.Da,1
Kumaoni,लगीं,lagIM,लगे,lage,1
Kumaoni,देवदार,devadAra,जोदार,jodAra,1
Kumaoni,ये,ye,यहाँ,yahA.N,1
Kumaoni,उस,usa,जिस,jisa,1
Kumaoni,वईं,vaIM,होईं,hoIM,1
Kumaoni,अर,ara,यार,yAra,1
Kumaoni,अ,a,आधा,AdhA,1
Kumaoni,सिसा,sisA,शीशा,shIshA,1
Kumaoni,रोंदा,roMdA,रहनता,rahanatA,1
Kumaoni,दुइ,dui,जो,jo,1
Kumaoni,दुई,duI,तुझे,tujhe,1
Kumaoni,करना,karanA,कन,kana,1
Kumaoni,सारा,sArA,चार,chAra,1
Kumaoni,पेण,peNa,प्याण,pyANa,1
Kumaoni,पेण्य,peNya,प्याण,pyANa,1
Kumaoni,बोली,bolI,बड़ी,ba.DI,1
Kumaoni,भैर,bhaira,पै,pai,1
Kumaoni,वी,vI,उ,u,1
Kumaoni,हुयां,huyAM,होय,hoya,1
Kumaoni,भटे,bhaTe,बटैंक,baTaiMka,1
Kumaoni,झाडी,jhADI,झाड़ियां,jhA.DiyAM,1
Kumaoni,लोग,loga,लू,lU,1
Kumaoni,यूं,yUM,में,meM,1
Kumaoni,ईं,IM,इ,i,1
Kumaoni,काफी,kAphI,बहुत,bahuta,1
Kumaoni,कुछ,kuCha,बिछा,biChA,1
Kumaoni,फर,phara,पे,pe,1
Kumaoni,का,kA,सृका,sRRikA,1
Kumaoni,झंड,jhaMDa,जन,jana,1
Kumaoni,पण,paNa,फणे,phaNe,1
Kumaoni,उनपर,unapara,उनको,unako,1
Kumaoni,पणि,paNi,फणी,phaNI,1
Sadri,में,meM,हम,hama,1
Sadri,वाला,vAlA,लेखी,lekhI,1
Sadri,ओने,one,उन्हें,unheM,1
Sadri,शायद,shAyada,साइड,sAiDa,1
Sadri,थी,thI,है,hai,1
Sadri,एठी,eThI,ठीक,ThIka,1
Sadri,लेट,leTa,लाइट,lAiTa,1
Sadri,है,hai,उन्हें,unheM,1
Sadri,हीयां,hIyAM,हे,he,1
Sadri,जेकर,jekara,झगर,jhagara,1
Sadri,हे,he,अ,a,1
Sadri,इसन,isana,किशन,kishana,1
Sadri,ईसन,Isana,इशन,ishana,1
Sadri,नड़,na.Da,सुंदर,suMdara,1
Sadri,इहे,ihe,है,hai,1
Sadri,आऊ,AU,ओ,o,1
Sadri,ऐमा,aimA,माँ,mA.N,1
Sadri,अहाए,ahAe,है,hai,1
Sadri,आहे,Ahe,आय,Aya,1
Sadri,नईखे,naIkhe,नही,nahI,1
Sadri,इदी,idI,इधि,idhi,1
Sadri,रइ,rai,रही,rahI,1
Sadri,ए,e,इन,ina,1
Sadri,ला,lA,नन,nana,1
Sadri,उपरे,upare,ऊपर,Upara,1
Sadri,बागरा,bAgarA,वगैरह,vagairaha,1
Sadri,हीं,hIM,है,hai,1
Sadri,मास्क,mAska,मांस,mAMsa,1
Sadri,आउर,Aura,और,aura,1
Sadri,इसन,isana,ईसान,IsAna,1
Sadri,इसन,isana,ईशान,IshAna,1
Sadri,कहो,kaho,केहू,kehU,1
Sadri,आहाय,AhAya,आहे,Ahe,1
Sadri,आइन,Aina,आवेन,Avena,1
Sadri,पाती,pAtI,बाकी,bAkI,1
Sadri,ईदाच,IdAcha,इध,idha,1
Sadri,मरेक,mareka,करक,karaka,1
Sadri,जोब,joba,जाओ,jAo,1
Sadri,येह,yeha,यहाँ,yahA.N,1
Sadri,ऐकर,aikara,इगर,igara,1
Sadri,मन,mana,माने,mAne,1
Sadri,अइसन,aisana,ऐसा,aisA,1
Sadri,होई,hoI,रही,rahI,1
Sadri,बे,be,बेहद,behada,1
Sadri,के,ke,में,meM,1
Sadri,स,sa,साइड,sAiDa,1
Sadri,अहे,ahe,हैं,haiM,1
Sadri,ओकर,okara,ऊपर,Upara,1
Sadri,पीधेंल,pIdheMla,पिंधल,piMdhala,1
Sadri,हे,he,एक,eka,1
Sadri,हिके,hike,के,ke,1
Sadri,एहा,ehA,यहाँ,yahA.N,1
Sadri,होही,hohI,हुई,huI,1
Sadri,मुरुक,muruka,मूर्ख,mUrkha,1
Sadri,फूल,phUla,खोल,khola,1
Sadri,हिके,hike,है,hai,1
Sadri,लत्ता,lattA,लग,laga,1
Sadri,है,hai,थे,the,1
Sadri,एक,eka,है,hai,1
Sadri,ऐथ्एनेसब,aithenesaba,सब,saba,1
Sadri,ऊ,U,वो,vo,1
Sadri,नखई,nakhaI,नहीं,nahIM,1
Sadri,अच्छा,achChA,छत,Chata,1
Sadri,पूरा,pUrA,अपने,apane,1
Sadri,एजक,ejaka,जो,jo,1
Sadri,अहे,ahe,है,hai,1
Sadri,चार,chAra,चेयर,cheyara,1
Sadri,पति,pati,पत्ती,pattI,1
Sadri,आहैं,AhaiM,आहे,Ahe,1
Sadri,ए,e,में,meM,1
Sadri,हीक,hIka,एक,eka,1
Sadri,तो,to,फूल,phUla,1
Sadri,आव,Ava,और,aura,1
Sadri,सकोन,sakona,सकण,sakaNa,1
Sadri,ऊकर,Ukara,जक्कर,jakkara,1
Sadri,आहे,Ahe,ठीक,ThIka,1
Sadri,ओकर,okara,होकर,hokara,1
Sadri,रखे,rakhe,राखी,rAkhI,1
Sadri,बाढाथीक,bADhAthIka,बढ़ाते,ba.DhAte,1
Sadri,सारथ,sAratha,साड़,sA.Da,1
Sadri,एम्,em,नाम,nAma,1
Sadri,इ,i,ईद,Ida,1
Sadri,अऊर,aUra,और,aura,1
Sadri,ऊहा,UhA,वहाँ,vahA.N,1
Sadri,ए,e,ठीक,ThIka,1
Sadri,तेहु,tehu,देहूँ,dehU.N,1
Sadri,बहुत,bahuta,पार्क,pArka,1
Sadri,रहिर,rahira,रही,rahI,1
Sadri,एदि,edi,ईद,Ida,1
Sadri,गुठा,guThA,कूड़ा,kU.DA,1
Sadri,यहाँ,yahA.N,यह,yaha,1
Sadri,इना,inA,इंदा,iMdA,1
Sadri,अहाए,ahAe,हय,haya,1
Sadri,खड़िये,kha.Diye,खड़ी,kha.DI,1
Sadri,आहै,Ahai,ताहे,tAhe,1
Sadri,अहाय,ahAya,हय,haya,1
Sadri,अइसल,aisala,इसे,ise,1
Sadri,आहय,Ahaya,हे,he,1
Sadri,अउर,aura,अऊ,aU,1
Sadri,मोके,moke,ओके,oke,1
Sadri,एमा,emA,देखता,dekhatA,1
Sadri,कोनो,kono,कौन,kauna,1
Sadri,कौन,kauna,कोनो,kono,1
Sadri,हिक,hika,है,hai,1
Sadri,करते,karate,बनते,banate,1
Sadri,कराके,karAke,कर,kara,1
Sadri,पीछे,pIChe,बाछे,bAChe,1
Sadri,ढंग,DhaMga,दंशेदी,daMshedI,1
Sadri,इत,ita,इत्ते,itte,1
Sadri,मन,mana,उमड़,uma.Da,1
Sadri,के,ke,क्या,kyA,1
Sadri,एठन,eThana,ठ,Tha,1
Sadri,थेसीर,thesIra,खैसेर,khaisera,1
Sadri,अहाए,ahAe,हाँ,hA.N,1
Sadri,दीन,dIna,देव,deva,1
Sadri,है,hai,हाय,hAya,1
Sadri,है,hai,हये,haye,1
Sadri,अहय,ahaya,हाय,hAya,1
Sadri,पतई,pataI,पत्ते,patte,1
Sadri,यीशु,yIshu,इसु,isu,1
Sadri,नेम,nema,निम्न,nimna,1
Sadri,एक,eka,भी,bhI,1
Sadri,जइसन,jaisana,जिसमें,jisameM,1
Sadri,बाहिन,bAhina,बाय,bAya,1
Sadri,जी,jI,सब्जी,sabjI,1
Sadri,राईकौन,rAIkauna,रैकन,raikana,1
Sadri,एकर,ekara,अगर,agara,1
Sadri,चिन्हात,chinhAta,किधर,kidhara,1
Sadri,बनाया,banAyA,मना,manA,1
Sadri,इफ़ैक्ट,ifaikTa,है,hai,1
Sadri,अधी,adhI,अदि,adi,1
Sadri,अभी,abhI,अधि,adhi,1
Sadri,रोको,roko,रखो,rakho,1
Sadri,ठड़इन,Tha.Daina,ठहरैन,Thaharaina,1
Sadri,पिँध,pi.Ndha,पहन,pahana,1
Sadri,नेकटा,nekaTA,एक,eka,1
Sadri,आचे,Ache,जाये,jAye,1
Sadri,रय,raya,रहे,rahe,1
Sadri,वूल,vUla,उल,ula,1
Sadri,आहए,Ahae,आहाय,AhAya,1
Sadri,इहा,ihA,जहाँ,jahA.N,1
Sadri,ओहे,ohe,वह,vaha,1
Sadri,ओकर,okara,अगर,agara,1
Sadri,फूस,phUsa,उस,usa,1
Sadri,आदमी,AdamI,आदिल,Adila,1
Sadri,तम्हें,tamheM,तुम्हारा,tumhArA,1
Sadri,आउ,Au,अऊ,aU,1
Sadri,बइठन,baiThana,बैठे,baiThe,1
Sadri,मछरी,maCharI,मछलियां,maChaliyAM,1
Khariboli,खौल,khaula,हॉल,haॉla,1
Khariboli,गुब्बाड़ा,gubbA.DA,गुबार,gubAra,1
Khariboli,हुए,hue,गुरु,guru,1
Khariboli,लॉटरी,laॉTarI,लैट्रिन,laiTrina,1
Khariboli,पाइए,pAie,पहिए,pahie,1
Khariboli,ऐं,aiM,हे,he,1
Khariboli,बनल,banala,बनान,banAna,1
Khariboli,हुयी,huyI,भी,bhI,1
Khariboli,नही,nahI,इन्हें,inheM,1
Khariboli,खेच,khecha,खींच,khIMcha,1
Khariboli,जो,jo,ये,ye,1
Khariboli,अदंर,adaMra,अंदर,aMdara,1
Khariboli,ऐजा,aijA,ये,ye,1
Khariboli,से,se,सिर्फ,sirpha,1
Khariboli,वेन,vena,व्हेल,vhela,1
Khariboli,ये,ye,जी,jI,1
Khariboli,विचार,vichAra,प्रचार,prachAra,1
Khariboli,यहाँ,yahA.N,हाथ,hAtha,1
Khariboli,वा,vA,वहां,vahAM,1
Khariboli,वो,vo,कोई,koI,1
Khariboli,ज,ja,यह,yaha,1
Khariboli,जामे,jAme,जहाँ,jahA.N,1
Khariboli,ऐं,aiM,है,hai,1
Khariboli,पुरो,puro,पूरा,pUrA,1
Khariboli,खम्बो,khambo,खंभों,khaMbhoM,1
Khariboli,पोर्ट,porTa,कोट,koTa,1
Khariboli,ऐ,ai,है,hai,1
Khariboli,ए,e,ये,ye,1
Khariboli,चौ,chau,जो,jo,1
Khariboli,हाैं,hAaiM,है,hai,1
Khariboli,क्रिस,krisa,कृष्ण,kRRiShNa,1
Khariboli,इधर,idhara,मीटर,mITara,1
Khariboli,बोहत,bohata,बहुत,bahuta,1
Khariboli,कोई,koI,और,aura,1
Khariboli,बॉल,baॉla,गोल,gola,1
Khariboli,मछलीएं,maChalIeM,मछलियाँ,maChaliyA.N,1
Khariboli,बन,bana,बाग,bAga,1
Khariboli,छुलो,Chulo,फूलों,phUloM,1
Khariboli,से,se,की,kI,1
Khariboli,यह,yaha,जी,jI,1
Khariboli,फटी,phaTI,वार्टी,vArTI,1
Khariboli,बड़ो,ba.Do,कटो,kaTo,1
Khariboli,सतम्बर,satambara,स्टंपर,sTaMpara,1
Khariboli,तो,to,भी,bhI,1
Khariboli,मोको,moko,मुग,muga,1
Khariboli,सेट,seTa,स्वेटर,sveTara,1
Khariboli,छ,Cha,चमक,chamaka,1
Khariboli,वोधा,vodhA,पौधा,paudhA,1
Khariboli,अं,aM,और,aura,1
Khariboli,पीछे,pIChe,नीचे,nIche,1
Khariboli,है,hai,यह,yaha,1
Khariboli,त,ta,के,ke,1
Khariboli,ओैर,oaira,और,aura,1
Khariboli,बोर्ड,borDa,बोट,boTa,1
Khariboli,टावर,TAvara,टॉवल,Taॉvala,1
Khariboli,के,ke,इसके,isake,1
Khariboli,जेई,jeI,जी,jI,1
Khariboli,बा,bA,बल्,bal,1
Khariboli,फरस,pharasa,फर्श,pharsha,1
Khariboli,आरिश,Arisha,हरीश,harIsha,1
Khariboli,चा,chA,अच्छा,achChA,1
Khariboli,बॉल,baॉla,बोर,bora,1
Khariboli,नीले,nIle,निरे,nire,1
Khariboli,लागए,lAgae,लगाए,lagAe,1
Khariboli,पेन,pena,फैन,phaina,1
Khariboli,एक,eka,ये,ye,1
Khariboli,एह,eha,है,hai,1
Khariboli,है,hai,हां,hAM,1
Khariboli,और,aura,एक,eka,1
Khariboli,कही,kahI,कई,kaI,1
Khariboli,मस्जिद,masjida,मिठ,miTha,1
Khariboli,और,aura,है,hai,1
Khariboli,सू,sU,फूल,phUla,1
Khariboli,गयेल,gayela,गैल,gaila,1
Khariboli,जउन,jauna,जो,jo,1
Khariboli,कहीं,kahIM,कई,kaI,1
Khariboli,गा,gA,कुछ,kuCha,1
Khariboli,इटे,iTe,ईंटे,IMTe,1
Khariboli,रगं,ragaM,रंग,raMga,1
Khariboli,आगे,Age,आ,A,1
Khariboli,बड़े,ba.De,इतने,itane,1
Khariboli,बैलगाड़िया,bailagA.DiyA,बालकनीज,bAlakanIja,1
Khariboli,ऐ_सी,ai_sI,एसी,esI,1
Khariboli,बंधा,baMdhA,बना,banA,1
Khariboli,डेट,DeTa,डी,DI,1
Khariboli,स्टेचू,sTechU,डैच्यू,DaichyU,1
Khariboli,न,na,नया,nayA,1
Khariboli,जा,jA,जहां,jahAM,1
Khariboli,इसमे,isame,इसकी,isakI,1
Khariboli,बादल,bAdala,बदरी,badarI,1
Khariboli,छायील,ChAyIla,छाई,ChAI,1
Khariboli,बड़,ba.Da,बाल,bAla,1
Khariboli,एनिया,eniyA,एनडी,enaDI,1
Khariboli,ओनिया,oniyA,उनके,unake,1
Khariboli,एहिजा,ehijA,एजे,eje,1
Khariboli,कटिंग,kaTiMga,कतिन,katina,1
Khariboli,गिरते,girate,धुलते,dhulate,1
Khariboli,मॉल,maॉla,इमारत,imArata,1
Khariboli,इसके,isake,फर्नीचर,pharnIchara,1
Khariboli,तरीके,tarIke,तरह,taraha,1
Khariboli,काले,kAle,कई,kaI,1
Khariboli,मशीन,mashIna,मछलियां,maChaliyAM,1
Surgujia,हे,he,रही,rahI,1
Surgujia,नवा,navA,नउआ,nauA,1
Surgujia,छड़,Cha.Da,झाड़,jhA.Da,1
Surgujia,आथे,Athe,आती,AtI,1
Surgujia,अउ,au,आ,A,1
Surgujia,ये,ye,पेड़,pe.Da,1
Surgujia,कोक,koka,कु,ku,1
Surgujia,एहा,ehA,हे,he,1
Surgujia,एहा,ehA,यहाँ,yahA.N,1
Surgujia,आहे,Ahe,है,hai,1
Surgujia,टुरा,TurA,पूरा,pUrA,1
Surgujia,वर्दा,vardA,उड़दा,u.DadA,1
Surgujia,अहाय,ahAya,आहे,Ahe,1
Surgujia,बगरा,bagarA,वगैरह,vagairaha,1
Surgujia,अउ,au,को,ko,1
Surgujia,काबर,kAbara,टावर,TAvara,1
Surgujia,हवे,have,है,hai,1
Surgujia,ह,ha,हाथ,hAtha,1
Surgujia,आर,Ara,यार,yAra,1
Surgujia,एकर,ekara,घर,ghara,1
Surgujia,बूड़हउ,bU.Dahau,बूढ़ो,bU.Dho,1
Surgujia,मन,mana,माने,mAne,1
Surgujia,हवे,have,करवातवे,karavAtave,1
Surgujia,ठने,Thane,छग,Chaga,1
Surgujia,आहाए,AhAe,हाय,hAya,1
Surgujia,आहैं,AhaiM,हाय,hAya,1
Surgujia,ई,I,भगवान,bhagavAna,1
Surgujia,अऊ,aU,अहु,ahu,1
Surgujia,भूँज,bhU.Nja,भुइज,bhuija,1
Surgujia,अहाय,ahAya,आह,Aha,1
Surgujia,अकन,akana,आका,AkA,1
Surgujia,इहा,ihA,यह,yaha,1
Surgujia,इसकीलील,isakIlIla,स्क्रीन,skrIna,1
Surgujia,अकन,akana,कान,kAna,1
Surgujia,कलर्स,kalarsa,कलश,kalasha,1
Surgujia,सोन,sona,स्वर्ण,svarNa,1
Surgujia,आईना,AInA,ऐना,ainA,1
Surgujia,बीते,bIte,इतनी,itanI,1
Surgujia,यहाँ,yahA.N,यह,yaha,1
Surgujia,हे,he,में,meM,1
Surgujia,अऊ,aU,अउर,aura,1
Surgujia,यह,yaha,यहाँ,yahA.N,1
Surgujia,के,ke,किए,kie,1
Surgujia,अगू,agU,आगो,Ago,1
Surgujia,एजग,ejaga,जब,jaba,1
Surgujia,ताजाए,tAjAe,सजाय,sajAya,1
Surgujia,उँ,u.N,अ,a,1
Surgujia,मोला,molA,मुझे,mujhe,1
Surgujia,लगत,lagata,नगद,nagada,1
Surgujia,हवय,havaya,होवे,hove,1
Surgujia,बेएएए,beeee,बे,be,1
Surgujia,ओकर,okara,अगर,agara,1
Surgujia,मन,mana,माना,mAnA,1
Surgujia,हवे,have,आहाय,AhAya,1
Surgujia,आरे,Are,और,aura,1
Surgujia,इहि,ihi,इ,i,1
Surgujia,म,ma,माँ,mA.N,1
Surgujia,एहर,ehara,इहार,ihAra,1
Surgujia,हव,hava,हाँ,hA.N,1
Surgujia,आहैं,AhaiM,है,hai,1
Surgujia,अउ,au,आओ,Ao,1
Surgujia,एजग,ejaga,जगह,jagaha,1
Surgujia,अइसे,aise,ऐसे,aise,1
Surgujia,ईहा,IhA,यहाँ,yahA.N,1
Surgujia,कतेक,kateka,कथक,kathaka,1
Surgujia,बड़का,ba.DakA,बरखा,barakhA,1
Surgujia,लैला,lailA,लेना,lenA,1
Surgujia,ऐ,ai,ये,ye,1
Surgujia,गला,galA,गाना,gAnA,1
Surgujia,कुछ,kuCha,कोई,koI,1
Surgujia,थी,thI,ठे,The,1
Surgujia,कते,kate,गति,gati,1
Surgujia,जेमे,jeme,जिनमें,jinameM,1
Surgujia,उप्पल,uppala,वापल,vApala,1
Surgujia,आहै,Ahai,आये,Aye,1
Surgujia,ठी,ThI,आरएटी,AraeTI,1
Surgujia,काहा,kAhA,यहां,yahAM,1
Surgujia,हये,haye,है,hai,1
Surgujia,आहय,Ahaya,आ,A,1
Surgujia,अउ,au,वो,vo,1
Surgujia,दिखत,dikhata,दिक्कत,dikkata,1
Surgujia,रॉयल,raॉyala,रेल,rela,1
Surgujia,अऊ,aU,औ,au,1
Surgujia,रखाइसे,rakhAise,रखे,rakhe,1
Surgujia,केहर,kehara,इधर,idhara,1
Surgujia,उक,uka,वोक,voka,1
Surgujia,वैर,vaira,ओर,ora,1
Surgujia,सिग्न,signa,साइन,sAina,1
Surgujia,अै,aai,आ,A,1
Bundeli,उ,u,ऊपर,Upara,1
Bundeli,इनका,inakA,तो,to,1
Bundeli,वूम,vUma,उम,uma,1
Bundeli,लेवे,leve,रहवे,rahave,1
Bundeli,की|,kI|,के,ke,1
Bundeli,कुर्ती,kurtI,कुर,kura,1
Bundeli,लाँय,lA.Nya,लाए,lAe,1
Bundeli,कछु,kaChu,का,kA,1
Bundeli,ए,e,ये,ye,1
Bundeli,भुजे,bhuje,मुझे,mujhe,1
Bundeli,एमें,emeM,इमे,ime,1
Bundeli,जिन,jina,जिनमें,jinameM,1
Bundeli,धरो,dharo,घरू,gharU,1
Bundeli,सुज,suja,सो,so,1
Bundeli,भओ,bhao,बाव,bAva,1
Bundeli,होएं,hoeM,हुए,hue,1
Bundeli,कोने,kone,कोण,koNa,1
Bundeli,जन,jana,जाने,jAne,1
Bundeli,हमे,hame,में,meM,1
Bundeli,कोई,koI,कुछ,kuCha,1
Bundeli,उनके,unake,के,ke,1
Bundeli,पीछे,pIChe,पानी,pAnI,1
Bundeli,बहोत,bahota,फुग्गों,phuggoM,1
Bundeli,ये,ye,जैसे,jaise,1
Bundeli,नीरी,nIrI,तेरी,terI,1
Bundeli,पड़ती,pa.DatI,पत्ते,patte,1
Bundeli,ये,ye,जी,jI,1
Bundeli,वा,vA,वहाँ,vahA.N,1
Bundeli,है,hai,ते,te,1
Bundeli,पत्त,patta,पड़ता,pa.DatA,1
Bundeli,दिवारेउँ,divAreu.N,दीवारु,dIvAru,1
Bundeli,यहाँ,yahA.N,यह,yaha,1
Bundeli,सायं,sAyaM,शाम,shAma,1
Bundeli,पंछी,paMChI,पक्षी,pakShI,1
Bundeli,खिड़की,khi.DakI,गिलरी,gilarI,1
Bundeli,यह,yaha,यहां,yahAM,1
Bundeli,भए,bhae,बाये,bAye,1
Bundeli,शिव,shiva,सेव,seva,1
Bundeli,पटरी,paTarI,पटरियां,paTariyAM,1
Bundeli,रेखा,rekhA,दिखाई,dikhAI,1
Bundeli,एमे,eme,इनमें,inameM,1
Bundeli,अते,ate,इत,ita,1
Bundeli,ये,ye,की,kI,1
Bundeli,टेसन,Tesana,स्टेशन,sTeshana,1
Bundeli,जा,jA,साइड,sAiDa,1
Bundeli,जिसमे,jisame,इधर,idhara,1
Bundeli,हिते,hite,इते,ite,1
Bundeli,हाउ,hAu,हओ,hao,1
Bundeli,लगातार,lagAtAra,लगा,lagA,1
Bundeli,या,yA,जहाँ,jahA.N,1
Bundeli,यही,yahI,ये,ye,1
Bundeli,क,ka,वर्क,varka,1
Bundeli,डरो,Daro,डालो,DAlo,1
Bundeli,नीचे,nIche,नैचुर,naichura,1
Bundeli,ए,e,लंबी,laMbI,1
Bundeli,ईमे,Ime,इनमें,inameM,1
Bundeli,आरती,AratI,आर,Ara,1
Bundeli,मेरे,mere,निरे,nire,1
Bundeli,के,ke,एक,eka,1
Bundeli,गम्मा,gammA,गुंबद,guMbada,1
Bundeli,उमैं,umaiM,ओमे,ome,1
Bundeli,किये,kiye,किए,kie,1
Bundeli,एक,eka,यह,yaha,1
Bundeli,और,aura,व,va,1
Bundeli,मॉडल,maॉDala,मोटर,moTara,1
Bundeli,रहो,raho,रौ,rau,1
Bundeli,रेहत,rehata,रहता,rahatA,1
Bundeli,पकछि,pakaChi,पक्षी,pakShI,1
Bundeli,लगे,lage,लगीं,lagIM,1
Bundeli,मुझे,mujhe,जी,jI,1
Bundeli,तोर्रिया,torriyA,तरैया,taraiyA,1
Bundeli,दूध,dUdha,टोल्स,Tolsa,1
Bundeli,डलिए,Dalie,दलिया,daliyA,1
Bundeli,जा,jA,जहां,jahAM,1
Bundeli,जामे,jAme,जहां,jahAM,1
Bundeli,रओ,rao,रहो,raho,1
Bundeli,नाह,nAha,नहा,nahA,1
Bundeli,धरी,dharI,डाली,DAlI,1
Bundeli,पर,para,पार्क,pArka,1
Bundeli,लगो,lago,लागू,lAgU,1
Bundeli,वो,vo,और,aura,1
Bundeli,थारा,thArA,ठाणा,ThANA,1
Bundeli,डलिए,Dalie,डालिये,DAliye,1
Bundeli,ये,ye,ही,hI,1
Surjapuri,खान,khAna,हन,hana,1
Surjapuri,पुल,pula,फूल,phUla,1
Surjapuri,काटाल,kATAla,खटहल,khaTahala,1
Surjapuri,थारा,thArA,रखल,rakhala,1
Surjapuri,आर,Ara,अरे,are,1
Surjapuri,एकटा,ekaTA,इत्ता,ittA,1
Surjapuri,इमें,imeM,इमा,imA,1
Surjapuri,हके,hake,गई,gaI,1
Surjapuri,छै,Chai,जो,jo,1
Surjapuri,एटा,eTA,इरा,irA,1
Surjapuri,लेवे,leve,लगे,lage,1
Surjapuri,एमे,eme,घटक,ghaTaka,1
Surjapuri,रोगेर,rogera,रंग,raMga,1
Surjapuri,डा,DA,रो,ro,1
Surjapuri,लाग,lAga,लगे,lage,1
Surjapuri,लागल,lAgala,लगाल,lagAla,1
Surjapuri,उठेना,uThenA,इतना,itanA,1
Surjapuri,से,se,सीन,sIna,1
Surjapuri,बोर्ड,borDa,बोट,boTa,1
Surjapuri,रो,ro,एक,eka,1
Surjapuri,एकटा,ekaTA,एक,eka,1
Surjapuri,करी,karI,घर,ghara,1
Surjapuri,कोर,kora,घर,ghara,1
Surjapuri,दड़ीला,da.DIlA,दरी,darI,1
Surjapuri,हेय,heya,गे,ge,1
Surjapuri,कतेक,kateka,कथक,kathaka,1
Surjapuri,कोरो,koro,बोलो,bolo,1
Surjapuri,रे,re,रोत,rota,1
Surjapuri,इधर,idhara,धीरा,dhIrA,1
Surjapuri,पिन्हे,pinhe,पहने,pahane,1
Surjapuri,बोहोतला,bohotalA,बदला,badalA,1
Surjapuri,घानी,ghAnI,खाने,khAne,1
Surjapuri,वार,vAra,और,aura,1
Surjapuri,लेफ्ट,lephTa,लैब,laiba,1
Surjapuri,गाड़ी,gA.DI,गाड़ियाँ,gA.DiyA.N,1
Surjapuri,पेनही,penahI,पिने,pine,1
Surjapuri,निओस,niosa,नियो,niyo,1
Surjapuri,उरो,uro,पुरो,puro,1
Surjapuri,जाछे,jAChe,जैसे,jaise,1
Surjapuri,एखन,ekhana,खंड,khaMDa,1
Surjapuri,छुवा,ChuvA,छुआ,ChuA,1
Surjapuri,इहा,ihA,इधर,idhara,1
Surjapuri,बहुत,bahuta,बुध,budha,1
Surjapuri,खारा,khArA,खड़ा,kha.DA,1
Awadhi,ओधा,odhA,वौधा,vaudhA,1
Awadhi,और,aura,वही,vahI,1
Awadhi,हैए,haie,हे,he,1
Awadhi,कुटिया,kuTiyA,बढ़िया,ba.DhiyA,1
Awadhi,पूरा,pUrA,दुरा,durA,1
Awadhi,और,aura,उन्हें,unheM,1
Awadhi,एकदम,ekadama,इतना,itanA,1
Awadhi,की,kI,है,hai,1
Awadhi,उड़,u.Da,रोड,roDa,1
Awadhi,ओकर,okara,ऊखर,Ukhara,1
Awadhi,है,hai,हवे,have,1
Awadhi,प्रेशर,preshara,परिसर,parisara,1
Awadhi,है,hai,थी,thI,1
Awadhi,एकदम,ekadama,इतब,itaba,1
Awadhi,इंहा,iMhA,यहाँ,yahA.N,1
Awadhi,उस,usa,फूस,phUsa,1
Awadhi,हवे,have,है,hai,1
Awadhi,इहा,ihA,हां,hAM,1
Awadhi,कोई,koI,कर,kara,1
Awadhi,होअथे,hoathe,हो,ho,1
Awadhi,एहा,ehA,यहाँ,yahA.N,1
Awadhi,हन,hana,हैं,haiM,1
Awadhi,ओने,one,उन्हें,unheM,1
Awadhi,वौधा,vaudhA,होता,hotA,1
Awadhi,उने,une,उन्हें,unheM,1
Awadhi,हवं,havaM,हुआ,huA,1
Awadhi,गोर,gora,गोल्ड,golDa,1
Awadhi,पॉलथिन,paॉlathina,पोथी,pothI,1
Awadhi,कुल,kula,को,ko,1
Awadhi,बड़े,ba.De,भरे,bhare,1
Awadhi,हउए,haue,हुआ,huA,1
Awadhi,फूल,phUla,कुल,kula,1
Awadhi,दुलगा,dulagA,दुनिया,duniyA,1
Awadhi,बड़ा,ba.DA,बहुत,bahuta,1
Awadhi,उपरी,uparI,ऊपर,Upara,1
Awadhi,एने,ene,इन्हें,inheM,1
Awadhi,आहे,Ahe,है,hai,1
Awadhi,काही,kAhI,का,kA,1
Awadhi,दृश्यामध्ये,dRRishyAmadhye,दृश्य,dRRishya,1
Awadhi,ओकर,okara,ऊपर,Upara,1
Awadhi,खेलत,khelata,चलत,chalata,1
Awadhi,अउ,au,अभी,abhI,1
Awadhi,वा,vA,वाला,vAlA,1
Awadhi,देले,dele,देना,denA,1
Haryanvi,इम्ह,imha,मैं,maiM,1
Haryanvi,इणनह,iNanaha,न,na,1
Haryanvi,ज्या,jyA,जा,jA,1
Haryanvi,त,ta,है,hai,1
Haryanvi,घुवाणा,ghuvANA,वाहना,vAhanA,1
Haryanvi,दिक्खह,dikkhaha,दिखत,dikhata,1
Haryanvi,घणे,ghaNe,गणेश,gaNesha,1
Haryanvi,किस्से,kisse,किसी,kisI,1
Haryanvi,इसम्ह,isamha,जिसमें,jisameM,1
Haryanvi,पीछह,pIChaha,छह,Chaha,1
Haryanvi,हाल,hAla,अल्लाह,allAha,1
Haryanvi,न,na,है,hai,1
Haryanvi,पुरो,puro,पूरा,pUrA,1
Haryanvi,कंपीटिशन,kaMpITishana,कॉम्पटीशन,kaॉmpaTIshana,1
Haryanvi,धोले,dhole,भूरे,bhUre,1
Haryanvi,यू,yU,नो,no,1
Haryanvi,आछे,AChe,अच्छे,achChe,1
Haryanvi,लागण,lAgaNa,लगन,lagana,1
Haryanvi,म्ह,mha,में,meM,1
Haryanvi,यो,yo,एवं,evaM,1
Haryanvi,इनमह,inamaha,सिल्वर,silvara,1
Haryanvi,स्याडी,syADI,साड़ी,sA.DI,1
Haryanvi,जीसी,jIsI,जैसे,jaise,1
Haryanvi,यहाँ,yahA.N,यह,yaha,1
Haryanvi,ऊपर,Upara,और,aura,1
Haryanvi,खडया,khaDayA,खड़े,kha.De,1
Haryanvi,सिक्योरिटी,sikyoriTI,ब्रिटिश,briTisha,1
Haryanvi,दीखण,dIkhaNa,देखन,dekhana,1
Haryanvi,फूलां,phUlAM,फुल्ला,phullA,1
Haryanvi,पेग,pega,पैक,paika,1
Haryanvi,वोपी,vopI,ओपी,opI,1
Haryanvi,यो,yo,ओ,o,1
Jaipuri,सिडिया,siDiyA,सीढ़ियां,sI.DhiyAM,1
Jaipuri,सेटर,seTara,शटर,shaTara,1
Jaipuri,सारी,sArI,सी,sI,1
Jaipuri,आइड,AiDa,आईट,AITa,1
Jaipuri,खड्यो,khaDyo,खड़ी,kha.DI,1
Jaipuri,और,aura,यहाँ,yahA.N,1
Jaipuri,हुवे,huve,हुई,huI,1
Jaipuri,इन्डे,inDe,इनमें,inameM,1
Jaipuri,जे,je,जिस,jisa,1
Jaipuri,ये,ye,उनके,unake,1
Jaipuri,इतना,itanA,इमे,ime,1
Jaipuri,ऐम,aima,इमा,imA,1
Jaipuri,लगराइ,lagarAi,लागरी,lAgarI,1
Jaipuri,ईम,Ima,इमे,ime,1
Jaipuri,पिरो,piro,बेरियो,beriyo,1
Jaipuri,में,meM,ये,ye,1
Jaipuri,बुढो,buDho,बूढ़ा,bU.DhA,1
Jaipuri,ये,ye,एक,eka,1
Jaipuri,आद्रस,Adrasa,आदर्श,Adarsha,1
Jaipuri,है,hai,छा,ChA,1
Jaipuri,बाहर,bAhara,पास,pAsa,1
Jaipuri,एक,eka,ये,ye,1
Jaipuri,है,hai,उसकी,usakI,1
Jaipuri,है,hai,हुआ,huA,1
